[    3181ms] [ERROR] Failed to load resource: the server responded with a status of 401 () @ https://cbt.morphfactory.io/api/user/session:0
[    3181ms] [ERROR] Failed to load resource: the server responded with a status of 404 () @ https://cbt.morphfactory.io/favicon.ico:0
[   15676ms] [ERROR] Failed to load resource: the server responded with a status of 404 () @ https://cbt.morphfactory.io/console.rsc?_rsc=CRrvyy1Bwk_aqK5a:0
[   16973ms] [ERROR] Failed to load resource: the server responded with a status of 401 () @ https://cbt.morphfactory.io/api/user/dashboard/usage?from=2026-09-14T15%3A00%3A00.000Z&to=2026-09-21T06%3A24%3A54.410Z&time_zone=Asia%2FSeoul&limit=31:0
[   16973ms] [ERROR] Failed to load resource: the server responded with a status of 401 () @ https://cbt.morphfactory.io/api/user/dashboard/cost-preview?from=2026-09-14T15%3A00%3A00.000Z&to=2026-09-21T06%3A24%3A54.410Z&group_by=day&time_zone=Asia%2FSeoul&limit=200:0
[   16973ms] [ERROR] Failed to load resource: the server responded with a status of 502 () @ https://cbt.morphfactory.io/api/user/funding:0
[   16973ms] [ERROR] Failed to load resource: the server responded with a status of 401 () @ https://cbt.morphfactory.io/api/user/dashboard:0
[   16973ms] [ERROR] Failed to load resource: the server responded with a status of 401 () @ https://cbt.morphfactory.io/api/user/dashboard/api-keys?limit=200:0
[   16989ms] [ERROR] Failed to load resource: the server responded with a status of 503 () @ https://cbt.morphfactory.io/api/user/models:0
[   16990ms] [ERROR] Failed to load resource: the server responded with a status of 405 () @ https://cbt.morphfactory.io/api/user/account?from=2026-09-14T15%3A00%3A00.000Z&to=2026-09-21T06%3A24%3A54.410Z:0
[   17128ms] [ERROR] Failed to load resource: the server responded with a status of 404 () @ https://cbt.morphfactory.io/console.rsc?_rsc=66iIVw1HasNCDk5S:0
[   24247ms] [ERROR] Failed to load resource: the server responded with a status of 401 () @ https://cbt.morphfactory.io/api/user/dashboard/usage?from=2026-09-14T15%3A00%3A00.000Z&to=2026-09-21T06%3A25%3A01.686Z&time_zone=Asia%2FSeoul&limit=31:0
[   24248ms] [ERROR] Failed to load resource: the server responded with a status of 401 () @ https://cbt.morphfactory.io/api/user/dashboard/cost-preview?from=2026-09-14T15%3A00%3A00.000Z&to=2026-09-21T06%3A25%3A01.686Z&group_by=day&time_zone=Asia%2FSeoul&limit=200:0
[   24248ms] [ERROR] Failed to load resource: the server responded with a status of 401 () @ https://cbt.morphfactory.io/api/user/dashboard/api-keys?limit=200:0
[   24248ms] [ERROR] Failed to load resource: the server responded with a status of 502 () @ https://cbt.morphfactory.io/api/user/funding:0
[   24248ms] [ERROR] Failed to load resource: the server responded with a status of 401 () @ https://cbt.morphfactory.io/api/user/dashboard:0
[   24251ms] [ERROR] Failed to load resource: the server responded with a status of 405 () @ https://cbt.morphfactory.io/api/user/account?from=2026-09-14T15%3A00%3A00.000Z&to=2026-09-21T06%3A25%3A01.686Z:0
[   25848ms] [ERROR] Failed to load resource: the server responded with a status of 401 () @ https://cbt.morphfactory.io/api/user/dashboard/usage?from=2026-09-14T15%3A00%3A00.000Z&to=2026-09-21T06%3A25%3A03.300Z&time_zone=Asia%2FSeoul&limit=31:0
[   25848ms] [ERROR] Failed to load resource: the server responded with a status of 401 () @ https://cbt.morphfactory.io/api/user/dashboard/cost-preview?from=2026-09-14T15%3A00%3A00.000Z&to=2026-09-21T06%3A25%3A03.300Z&group_by=day&time_zone=Asia%2FSeoul&limit=200:0
[   25848ms] [ERROR] Failed to load resource: the server responded with a status of 401 () @ https://cbt.morphfactory.io/api/user/dashboard:0
[   25849ms] [ERROR] Failed to load resource: the server responded with a status of 502 () @ https://cbt.morphfactory.io/api/user/funding:0
[   25849ms] [ERROR] Failed to load resource: the server responded with a status of 401 () @ https://cbt.morphfactory.io/api/user/dashboard/api-keys?limit=200:0
[   25871ms] [ERROR] Failed to load resource: the server responded with a status of 405 () @ https://cbt.morphfactory.io/api/user/account?from=2026-09-14T15%3A00%3A00.000Z&to=2026-09-21T06%3A25%3A03.300Z:0
[   26299ms] [ERROR] Failed to load resource: the server responded with a status of 401 () @ https://cbt.morphfactory.io/api/user/dashboard/usage?from=2026-09-14T15%3A00%3A00.000Z&to=2026-09-21T06%3A25%3A03.717Z&time_zone=Asia%2FSeoul&limit=31:0
[   26300ms] [ERROR] Failed to load resource: the server responded with a status of 401 () @ https://cbt.morphfactory.io/api/user/dashboard/cost-preview?from=2026-09-14T15%3A00%3A00.000Z&to=2026-09-21T06%3A25%3A03.717Z&group_by=day&time_zone=Asia%2FSeoul&limit=200:0
[   26300ms] [ERROR] Failed to load resource: the server responded with a status of 502 () @ https://cbt.morphfactory.io/api/user/funding:0
[   26301ms] [ERROR] Failed to load resource: the server responded with a status of 401 () @ https://cbt.morphfactory.io/api/user/dashboard:0
[   26301ms] [ERROR] Failed to load resource: the server responded with a status of 401 () @ https://cbt.morphfactory.io/api/user/dashboard/api-keys?limit=200:0
[   26301ms] [ERROR] Failed to load resource: the server responded with a status of 405 () @ https://cbt.morphfactory.io/api/user/account?from=2026-09-14T15%3A00%3A00.000Z&to=2026-09-21T06%3A25%3A03.717Z:0
[   26437ms] [ERROR] Failed to load resource: the server responded with a status of 401 () @ https://cbt.morphfactory.io/api/user/dashboard/usage?from=2026-09-14T15%3A00%3A00.000Z&to=2026-09-21T06%3A25%3A03.899Z&time_zone=Asia%2FSeoul&limit=31:0
[   26437ms] [ERROR] Failed to load resource: the server responded with a status of 401 () @ https://cbt.morphfactory.io/api/user/dashboard/cost-preview?from=2026-09-14T15%3A00%3A00.000Z&to=2026-09-21T06%3A25%3A03.899Z&group_by=day&time_zone=Asia%2FSeoul&limit=200:0
[   26437ms] [ERROR] Failed to load resource: the server responded with a status of 502 () @ https://cbt.morphfactory.io/api/user/funding:0
[   26437ms] [ERROR] Failed to load resource: the server responded with a status of 401 () @ https://cbt.morphfactory.io/api/user/dashboard:0
[   26437ms] [ERROR] Failed to load resource: the server responded with a status of 401 () @ https://cbt.morphfactory.io/api/user/dashboard/api-keys?limit=200:0
[   26441ms] [ERROR] Failed to load resource: the server responded with a status of 405 () @ https://cbt.morphfactory.io/api/user/account?from=2026-09-14T15%3A00%3A00.000Z&to=2026-09-21T06%3A25%3A03.899Z:0
[   26607ms] [ERROR] Failed to load resource: the server responded with a status of 401 () @ https://cbt.morphfactory.io/api/user/dashboard/usage?from=2026-09-14T15%3A00%3A00.000Z&to=2026-09-21T06%3A25%3A04.066Z&time_zone=Asia%2FSeoul&limit=31:0
[   26607ms] [ERROR] Failed to load resource: the server responded with a status of 401 () @ https://cbt.morphfactory.io/api/user/dashboard/cost-preview?from=2026-09-14T15%3A00%3A00.000Z&to=2026-09-21T06%3A25%3A04.066Z&group_by=day&time_zone=Asia%2FSeoul&limit=200:0
[   26607ms] [ERROR] Failed to load resource: the server responded with a status of 502 () @ https://cbt.morphfactory.io/api/user/funding:0
[   26609ms] [ERROR] Failed to load resource: the server responded with a status of 401 () @ https://cbt.morphfactory.io/api/user/dashboard:0
[   26609ms] [ERROR] Failed to load resource: the server responded with a status of 401 () @ https://cbt.morphfactory.io/api/user/dashboard/api-keys?limit=200:0
[   26610ms] [ERROR] Failed to load resource: the server responded with a status of 405 () @ https://cbt.morphfactory.io/api/user/account?from=2026-09-14T15%3A00%3A00.000Z&to=2026-09-21T06%3A25%3A04.066Z:0
[   26723ms] [ERROR] Failed to load resource: the server responded with a status of 401 () @ https://cbt.morphfactory.io/api/user/dashboard/cost-preview?from=2026-09-14T15%3A00%3A00.000Z&to=2026-09-21T06%3A25%3A04.182Z&group_by=day&time_zone=Asia%2FSeoul&limit=200:0
[   26723ms] [ERROR] Failed to load resource: the server responded with a status of 401 () @ https://cbt.morphfactory.io/api/user/dashboard/usage?from=2026-09-14T15%3A00%3A00.000Z&to=2026-09-21T06%3A25%3A04.182Z&time_zone=Asia%2FSeoul&limit=31:0
[   26723ms] [ERROR] Failed to load resource: the server responded with a status of 502 () @ https://cbt.morphfactory.io/api/user/funding:0
[   26724ms] [ERROR] Failed to load resource: the server responded with a status of 401 () @ https://cbt.morphfactory.io/api/user/dashboard:0
[   26724ms] [ERROR] Failed to load resource: the server responded with a status of 401 () @ https://cbt.morphfactory.io/api/user/dashboard/api-keys?limit=200:0
[   26725ms] [ERROR] Failed to load resource: the server responded with a status of 405 () @ https://cbt.morphfactory.io/api/user/account?from=2026-09-14T15%3A00%3A00.000Z&to=2026-09-21T06%3A25%3A04.182Z:0
[   26871ms] [ERROR] Failed to load resource: the server responded with a status of 401 () @ https://cbt.morphfactory.io/api/user/dashboard/usage?from=2026-09-14T15%3A00%3A00.000Z&to=2026-09-21T06%3A25%3A04.332Z&time_zone=Asia%2FSeoul&limit=31:0
[   26871ms] [ERROR] Failed to load resource: the server responded with a status of 401 () @ https://cbt.morphfactory.io/api/user/dashboard/cost-preview?from=2026-09-14T15%3A00%3A00.000Z&to=2026-09-21T06%3A25%3A04.332Z&group_by=day&time_zone=Asia%2FSeoul&limit=200:0
[   26871ms] [ERROR] Failed to load resource: the server responded with a status of 502 () @ https://cbt.morphfactory.io/api/user/funding:0
[   26871ms] [ERROR] Failed to load resource: the server responded with a status of 401 () @ https://cbt.morphfactory.io/api/user/dashboard:0
[   26872ms] [ERROR] Failed to load resource: the server responded with a status of 401 () @ https://cbt.morphfactory.io/api/user/dashboard/api-keys?limit=200:0
[   26877ms] [ERROR] Failed to load resource: the server responded with a status of 405 () @ https://cbt.morphfactory.io/api/user/account?from=2026-09-14T15%3A00%3A00.000Z&to=2026-09-21T06%3A25%3A04.332Z:0
[   26993ms] [ERROR] Failed to load resource: the server responded with a status of 401 () @ https://cbt.morphfactory.io/api/user/dashboard/usage?from=2026-09-14T15%3A00%3A00.000Z&to=2026-09-21T06%3A25%3A04.449Z&time_zone=Asia%2FSeoul&limit=31:0
[   26993ms] [ERROR] Failed to load resource: the server responded with a status of 502 () @ https://cbt.morphfactory.io/api/user/funding:0
[   26994ms] [ERROR] Failed to load resource: the server responded with a status of 401 () @ https://cbt.morphfactory.io/api/user/dashboard/cost-preview?from=2026-09-14T15%3A00%3A00.000Z&to=2026-09-21T06%3A25%3A04.449Z&group_by=day&time_zone=Asia%2FSeoul&limit=200:0
[   26994ms] [ERROR] Failed to load resource: the server responded with a status of 401 () @ https://cbt.morphfactory.io/api/user/dashboard:0
[   26995ms] [ERROR] Failed to load resource: the server responded with a status of 401 () @ https://cbt.morphfactory.io/api/user/dashboard/api-keys?limit=200:0
[   26996ms] [ERROR] Failed to load resource: the server responded with a status of 405 () @ https://cbt.morphfactory.io/api/user/account?from=2026-09-14T15%3A00%3A00.000Z&to=2026-09-21T06%3A25%3A04.449Z:0
[   28314ms] [ERROR] Failed to load resource: the server responded with a status of 401 () @ https://cbt.morphfactory.io/api/user/dashboard/usage?from=2026-08-22T15%3A00%3A00.000Z&to=2026-09-21T06%3A25%3A05.767Z&time_zone=Asia%2FSeoul&limit=31:0
[   28328ms] [ERROR] Failed to load resource: the server responded with a status of 401 () @ https://cbt.morphfactory.io/api/user/dashboard/cost-preview?from=2026-08-22T15%3A00%3A00.000Z&to=2026-09-21T06%3A25%3A05.767Z&group_by=day&time_zone=Asia%2FSeoul&limit=200:0
[   28328ms] [ERROR] Failed to load resource: the server responded with a status of 502 () @ https://cbt.morphfactory.io/api/user/funding:0
[   28329ms] [ERROR] Failed to load resource: the server responded with a status of 401 () @ https://cbt.morphfactory.io/api/user/dashboard/api-keys?limit=200:0
[   28329ms] [ERROR] Failed to load resource: the server responded with a status of 401 () @ https://cbt.morphfactory.io/api/user/dashboard:0
[   28330ms] [ERROR] Failed to load resource: the server responded with a status of 405 () @ https://cbt.morphfactory.io/api/user/account?from=2026-08-22T15%3A00%3A00.000Z&to=2026-09-21T06%3A25%3A05.767Z:0
[   29058ms] [ERROR] Failed to load resource: the server responded with a status of 401 () @ https://cbt.morphfactory.io/api/user/dashboard/usage?from=2026-09-14T15%3A00%3A00.000Z&to=2026-09-21T06%3A25%3A06.516Z&time_zone=Asia%2FSeoul&limit=31:0
[   29058ms] [ERROR] Failed to load resource: the server responded with a status of 401 () @ https://cbt.morphfactory.io/api/user/dashboard/cost-preview?from=2026-09-14T15%3A00%3A00.000Z&to=2026-09-21T06%3A25%3A06.516Z&group_by=day&time_zone=Asia%2FSeoul&limit=200:0
[   29059ms] [ERROR] Failed to load resource: the server responded with a status of 502 () @ https://cbt.morphfactory.io/api/user/funding:0
[   29060ms] [ERROR] Failed to load resource: the server responded with a status of 401 () @ https://cbt.morphfactory.io/api/user/dashboard/api-keys?limit=200:0
[   29063ms] [ERROR] Failed to load resource: the server responded with a status of 401 () @ https://cbt.morphfactory.io/api/user/dashboard:0
[   29072ms] [ERROR] Failed to load resource: the server responded with a status of 405 () @ https://cbt.morphfactory.io/api/user/account?from=2026-09-14T15%3A00%3A00.000Z&to=2026-09-21T06%3A25%3A06.516Z:0
[   29728ms] [VERBOSE] [DOM] Password forms should have (optionally hidden) username fields for accessibility: (More info: https://goo.gl/9p2vKq) %o @ https://cbt.morphfactory.io/console?view=security:0
[   41166ms] [ERROR] Failed to load resource: the server responded with a status of 401 () @ https://cbt.morphfactory.io/api/user/dashboard/usage?from=2026-09-14T15%3A00%3A00.000Z&to=2026-09-21T06%3A25%3A18.623Z&time_zone=Asia%2FSeoul&limit=20:0
[   50973ms] [ERROR] Failed to load resource: the server responded with a status of 401 () @ https://cbt.morphfactory.io/api/user/dashboard/cost-preview?from=2026-09-14T15%3A00%3A00.000Z&to=2026-09-21T06%3A25%3A28.433Z&group_by=day&time_zone=Asia%2FSeoul&limit=200:0
[   50973ms] [ERROR] Failed to load resource: the server responded with a status of 401 () @ https://cbt.morphfactory.io/api/user/dashboard/usage?from=2026-09-14T15%3A00%3A00.000Z&to=2026-09-21T06%3A25%3A28.433Z&time_zone=Asia%2FSeoul&limit=31:0
[   50975ms] [ERROR] Failed to load resource: the server responded with a status of 502 () @ https://cbt.morphfactory.io/api/user/funding:0
[   50976ms] [ERROR] Failed to load resource: the server responded with a status of 401 () @ https://cbt.morphfactory.io/api/user/dashboard/api-keys?limit=200:0
[   50976ms] [ERROR] Failed to load resource: the server responded with a status of 401 () @ https://cbt.morphfactory.io/api/user/dashboard:0
[   50977ms] [ERROR] Failed to load resource: the server responded with a status of 405 () @ https://cbt.morphfactory.io/api/user/account?from=2026-09-14T15%3A00%3A00.000Z&to=2026-09-21T06%3A25%3A28.433Z:0
[   52010ms] [ERROR] Failed to load resource: the server responded with a status of 401 () @ https://cbt.morphfactory.io/api/user/dashboard/cost-preview?from=2026-09-14T15%3A00%3A00.000Z&to=2026-09-21T06%3A25%3A29.466Z&group_by=day&time_zone=Asia%2FSeoul&limit=200:0
[   52011ms] [ERROR] Failed to load resource: the server responded with a status of 401 () @ https://cbt.morphfactory.io/api/user/dashboard/usage?from=2026-09-14T15%3A00%3A00.000Z&to=2026-09-21T06%3A25%3A29.466Z&time_zone=Asia%2FSeoul&limit=31:0
[   52011ms] [ERROR] Failed to load resource: the server responded with a status of 401 () @ https://cbt.morphfactory.io/api/user/dashboard/api-keys?limit=200:0
[   52011ms] [ERROR] Failed to load resource: the server responded with a status of 502 () @ https://cbt.morphfactory.io/api/user/funding:0
[   52012ms] [ERROR] Failed to load resource: the server responded with a status of 401 () @ https://cbt.morphfactory.io/api/user/dashboard:0
[   52016ms] [ERROR] Failed to load resource: the server responded with a status of 405 () @ https://cbt.morphfactory.io/api/user/account?from=2026-09-14T15%3A00%3A00.000Z&to=2026-09-21T06%3A25%3A29.466Z:0
[   53732ms] [ERROR] Failed to load resource: the server responded with a status of 401 () @ https://cbt.morphfactory.io/api/user/dashboard/usage?from=2026-09-14T15%3A00%3A00.000Z&to=2026-09-21T06%3A25%3A31.183Z&time_zone=Asia%2FSeoul&limit=31:0
[   53732ms] [ERROR] Failed to load resource: the server responded with a status of 502 () @ https://cbt.morphfactory.io/api/user/funding:0
[   53733ms] [ERROR] Failed to load resource: the server responded with a status of 401 () @ https://cbt.morphfactory.io/api/user/dashboard/cost-preview?from=2026-09-14T15%3A00%3A00.000Z&to=2026-09-21T06%3A25%3A31.183Z&group_by=day&time_zone=Asia%2FSeoul&limit=200:0
[   53733ms] [ERROR] Failed to load resource: the server responded with a status of 401 () @ https://cbt.morphfactory.io/api/user/dashboard/api-keys?limit=200:0
[   53733ms] [ERROR] Failed to load resource: the server responded with a status of 401 () @ https://cbt.morphfactory.io/api/user/dashboard:0
[   53734ms] [ERROR] Failed to load resource: the server responded with a status of 405 () @ https://cbt.morphfactory.io/api/user/account?from=2026-09-14T15%3A00%3A00.000Z&to=2026-09-21T06%3A25%3A31.183Z:0
[   64823ms] [ERROR] Failed to load resource: the server responded with a status of 401 () @ https://cbt.morphfactory.io/api/user/dashboard/cost-preview?from=2026-09-14T15%3A00%3A00.000Z&to=2026-09-21T06%3A25%3A42.266Z&group_by=day&time_zone=Asia%2FSeoul&limit=200:0
[   64823ms] [ERROR] Failed to load resource: the server responded with a status of 401 () @ https://cbt.morphfactory.io/api/user/dashboard/usage?from=2026-09-14T15%3A00%3A00.000Z&to=2026-09-21T06%3A25%3A42.266Z&time_zone=Asia%2FSeoul&limit=31:0
[   64823ms] [ERROR] Failed to load resource: the server responded with a status of 502 () @ https://cbt.morphfactory.io/api/user/funding:0
[   64823ms] [ERROR] Failed to load resource: the server responded with a status of 401 () @ https://cbt.morphfactory.io/api/user/dashboard/api-keys?limit=200:0
[   64824ms] [ERROR] Failed to load resource: the server responded with a status of 401 () @ https://cbt.morphfactory.io/api/user/dashboard:0
[   64824ms] [ERROR] Failed to load resource: the server responded with a status of 405 () @ https://cbt.morphfactory.io/api/user/account?from=2026-09-14T15%3A00%3A00.000Z&to=2026-09-21T06%3A25%3A42.266Z:0
[   65708ms] [ERROR] Failed to load resource: the server responded with a status of 401 () @ https://cbt.morphfactory.io/api/user/dashboard/usage?from=2026-09-14T15%3A00%3A00.000Z&to=2026-09-21T06%3A25%3A43.116Z&time_zone=Asia%2FSeoul&limit=31:0
[   65708ms] [ERROR] Failed to load resource: the server responded with a status of 401 () @ https://cbt.morphfactory.io/api/user/dashboard/cost-preview?from=2026-09-14T15%3A00%3A00.000Z&to=2026-09-21T06%3A25%3A43.116Z&group_by=day&time_zone=Asia%2FSeoul&limit=200:0
[   65709ms] [ERROR] Failed to load resource: the server responded with a status of 502 () @ https://cbt.morphfactory.io/api/user/funding:0
[   65709ms] [ERROR] Failed to load resource: the server responded with a status of 401 () @ https://cbt.morphfactory.io/api/user/dashboard/api-keys?limit=200:0
[   65709ms] [ERROR] Failed to load resource: the server responded with a status of 401 () @ https://cbt.morphfactory.io/api/user/dashboard:0
[   65710ms] [ERROR] Failed to load resource: the server responded with a status of 405 () @ https://cbt.morphfactory.io/api/user/account?from=2026-09-14T15%3A00%3A00.000Z&to=2026-09-21T06%3A25%3A43.116Z:0
[  168201ms] [ERROR] Failed to load resource: the server responded with a status of 401 () @ https://cbt.morphfactory.io/api/user/dashboard/usage?from=2026-09-14T15%3A00%3A00.000Z&to=2026-09-21T06%3A27%3A25.650Z&time_zone=Asia%2FSeoul&limit=31:0
[  168201ms] [ERROR] Failed to load resource: the server responded with a status of 401 () @ https://cbt.morphfactory.io/api/user/dashboard/cost-preview?from=2026-09-14T15%3A00%3A00.000Z&to=2026-09-21T06%3A27%3A25.650Z&group_by=day&time_zone=Asia%2FSeoul&limit=200:0
[  168201ms] [ERROR] Failed to load resource: the server responded with a status of 502 () @ https://cbt.morphfactory.io/api/user/funding:0
[  168202ms] [ERROR] Failed to load resource: the server responded with a status of 401 () @ https://cbt.morphfactory.io/api/user/dashboard/api-keys?limit=200:0
[  168203ms] [ERROR] Failed to load resource: the server responded with a status of 401 () @ https://cbt.morphfactory.io/api/user/dashboard:0
[  168204ms] [ERROR] Failed to load resource: the server responded with a status of 404 () @ https://cbt.morphfactory.io/console.rsc?_rsc=66iIVw1HasNCDk5S:0
[  168205ms] [ERROR] Failed to load resource: the server responded with a status of 503 () @ https://cbt.morphfactory.io/api/user/models:0
[  168209ms] [ERROR] Failed to load resource: the server responded with a status of 405 () @ https://cbt.morphfactory.io/api/user/account?from=2026-09-14T15%3A00%3A00.000Z&to=2026-09-21T06%3A27%3A25.650Z:0
[  169316ms] [ERROR] Failed to load resource: the server responded with a status of 502 () @ https://cbt.morphfactory.io/api/user/funding:0
[  169316ms] [ERROR] Failed to load resource: the server responded with a status of 401 () @ https://cbt.morphfactory.io/api/user/dashboard/usage?from=2026-09-14T15%3A00%3A00.000Z&to=2026-09-21T06%3A27%3A26.761Z&time_zone=Asia%2FSeoul&limit=31:0
[  169316ms] [ERROR] Failed to load resource: the server responded with a status of 401 () @ https://cbt.morphfactory.io/api/user/dashboard/cost-preview?from=2026-09-14T15%3A00%3A00.000Z&to=2026-09-21T06%3A27%3A26.761Z&group_by=day&time_zone=Asia%2FSeoul&limit=200:0
[  169317ms] [ERROR] Failed to load resource: the server responded with a status of 401 () @ https://cbt.morphfactory.io/api/user/dashboard/api-keys?limit=200:0
[  169351ms] [ERROR] Failed to load resource: the server responded with a status of 401 () @ https://cbt.morphfactory.io/api/user/dashboard:0
[  169354ms] [ERROR] Failed to load resource: the server responded with a status of 503 () @ https://cbt.morphfactory.io/api/user/models:0
[  169354ms] [ERROR] Failed to load resource: the server responded with a status of 405 () @ https://cbt.morphfactory.io/api/user/account?from=2026-09-14T15%3A00%3A00.000Z&to=2026-09-21T06%3A27%3A26.761Z:0
[  169355ms] [ERROR] Failed to load resource: the server responded with a status of 404 () @ https://cbt.morphfactory.io/console.rsc?_rsc=66iIVw1HasNCDk5S:0
[  170257ms] [ERROR] Failed to load resource: the server responded with a status of 404 () @ https://cbt.morphfactory.io/console.rsc?_rsc=66iIVw1HasNCDk5S:0
[  170257ms] [ERROR] Failed to load resource: the server responded with a status of 401 () @ https://cbt.morphfactory.io/api/user/dashboard/usage?from=2026-09-14T15%3A00%3A00.000Z&to=2026-09-21T06%3A27%3A27.705Z&time_zone=Asia%2FSeoul&limit=31:0
[  170257ms] [ERROR] Failed to load resource: the server responded with a status of 401 () @ https://cbt.morphfactory.io/api/user/dashboard/cost-preview?from=2026-09-14T15%3A00%3A00.000Z&to=2026-09-21T06%3A27%3A27.705Z&group_by=day&time_zone=Asia%2FSeoul&limit=200:0
[  170257ms] [ERROR] Failed to load resource: the server responded with a status of 401 () @ https://cbt.morphfactory.io/api/user/dashboard:0
[  170258ms] [ERROR] Failed to load resource: the server responded with a status of 502 () @ https://cbt.morphfactory.io/api/user/funding:0
[  170258ms] [ERROR] Failed to load resource: the server responded with a status of 401 () @ https://cbt.morphfactory.io/api/user/dashboard/api-keys?limit=200:0
[  170259ms] [ERROR] Failed to load resource: the server responded with a status of 503 () @ https://cbt.morphfactory.io/api/user/models:0
[  170259ms] [ERROR] Failed to load resource: the server responded with a status of 405 () @ https://cbt.morphfactory.io/api/user/account?from=2026-09-14T15%3A00%3A00.000Z&to=2026-09-21T06%3A27%3A27.705Z:0
[  178473ms] [ERROR] Failed to load resource: the server responded with a status of 401 () @ https://cbt.morphfactory.io/api/user/dashboard/usage?from=2026-09-14T15%3A00%3A00.000Z&to=2026-09-21T06%3A27%3A35.917Z&time_zone=Asia%2FSeoul&limit=31:0
[  178474ms] [ERROR] Failed to load resource: the server responded with a status of 401 () @ https://cbt.morphfactory.io/api/user/dashboard/cost-preview?from=2026-09-14T15%3A00%3A00.000Z&to=2026-09-21T06%3A27%3A35.917Z&group_by=day&time_zone=Asia%2FSeoul&limit=200:0
[  178474ms] [ERROR] Failed to load resource: the server responded with a status of 502 () @ https://cbt.morphfactory.io/api/user/funding:0
[  178474ms] [ERROR] Failed to load resource: the server responded with a status of 401 () @ https://cbt.morphfactory.io/api/user/dashboard/api-keys?limit=200:0
[  178474ms] [ERROR] Failed to load resource: the server responded with a status of 401 () @ https://cbt.morphfactory.io/api/user/dashboard:0
[  178491ms] [ERROR] Failed to load resource: the server responded with a status of 405 () @ https://cbt.morphfactory.io/api/user/account?from=2026-09-14T15%3A00%3A00.000Z&to=2026-09-21T06%3A27%3A35.917Z:0
[  178976ms] [ERROR] Failed to load resource: the server responded with a status of 401 () @ https://cbt.morphfactory.io/api/user/dashboard/cost-preview?from=2026-09-14T15%3A00%3A00.000Z&to=2026-09-21T06%3A27%3A36.399Z&group_by=day&time_zone=Asia%2FSeoul&limit=200:0
[  178977ms] [ERROR] Failed to load resource: the server responded with a status of 401 () @ https://cbt.morphfactory.io/api/user/dashboard/usage?from=2026-09-14T15%3A00%3A00.000Z&to=2026-09-21T06%3A27%3A36.399Z&time_zone=Asia%2FSeoul&limit=31:0
[  178978ms] [ERROR] Failed to load resource: the server responded with a status of 502 () @ https://cbt.morphfactory.io/api/user/funding:0
[  178978ms] [ERROR] Failed to load resource: the server responded with a status of 401 () @ https://cbt.morphfactory.io/api/user/dashboard/api-keys?limit=200:0
[  178979ms] [ERROR] Failed to load resource: the server responded with a status of 401 () @ https://cbt.morphfactory.io/api/user/dashboard:0
[  178983ms] [ERROR] Failed to load resource: the server responded with a status of 405 () @ https://cbt.morphfactory.io/api/user/account?from=2026-09-14T15%3A00%3A00.000Z&to=2026-09-21T06%3A27%3A36.399Z:0
[  179141ms] [ERROR] Failed to load resource: the server responded with a status of 401 () @ https://cbt.morphfactory.io/api/user/dashboard/usage?from=2026-09-14T15%3A00%3A00.000Z&to=2026-09-21T06%3A27%3A36.599Z&time_zone=Asia%2FSeoul&limit=31:0
[  179141ms] [ERROR] Failed to load resource: the server responded with a status of 502 () @ https://cbt.morphfactory.io/api/user/funding:0
[  179142ms] [ERROR] Failed to load resource: the server responded with a status of 401 () @ https://cbt.morphfactory.io/api/user/dashboard/cost-preview?from=2026-09-14T15%3A00%3A00.000Z&to=2026-09-21T06%3A27%3A36.599Z&group_by=day&time_zone=Asia%2FSeoul&limit=200:0
[  179142ms] [ERROR] Failed to load resource: the server responded with a status of 401 () @ https://cbt.morphfactory.io/api/user/dashboard/api-keys?limit=200:0
[  179143ms] [ERROR] Failed to load resource: the server responded with a status of 401 () @ https://cbt.morphfactory.io/api/user/dashboard:0
[  179152ms] [ERROR] Failed to load resource: the server responded with a status of 405 () @ https://cbt.morphfactory.io/api/user/account?from=2026-09-14T15%3A00%3A00.000Z&to=2026-09-21T06%3A27%3A36.599Z:0
[  179404ms] [ERROR] Failed to load resource: the server responded with a status of 401 () @ https://cbt.morphfactory.io/api/user/dashboard/usage?from=2026-09-14T15%3A00%3A00.000Z&to=2026-09-21T06%3A27%3A36.865Z&time_zone=Asia%2FSeoul&limit=31:0
[  179409ms] [ERROR] Failed to load resource: the server responded with a status of 401 () @ https://cbt.morphfactory.io/api/user/dashboard/cost-preview?from=2026-09-14T15%3A00%3A00.000Z&to=2026-09-21T06%3A27%3A36.865Z&group_by=day&time_zone=Asia%2FSeoul&limit=200:0
[  179409ms] [ERROR] Failed to load resource: the server responded with a status of 502 () @ https://cbt.morphfactory.io/api/user/funding:0
[  179410ms] [ERROR] Failed to load resource: the server responded with a status of 401 () @ https://cbt.morphfactory.io/api/user/dashboard/api-keys?limit=200:0
[  179411ms] [ERROR] Failed to load resource: the server responded with a status of 401 () @ https://cbt.morphfactory.io/api/user/dashboard:0
[  179414ms] [ERROR] Failed to load resource: the server responded with a status of 405 () @ https://cbt.morphfactory.io/api/user/account?from=2026-09-14T15%3A00%3A00.000Z&to=2026-09-21T06%3A27%3A36.865Z:0
[  179630ms] [ERROR] Failed to load resource: the server responded with a status of 401 () @ https://cbt.morphfactory.io/api/user/dashboard/usage?from=2026-09-14T15%3A00%3A00.000Z&to=2026-09-21T06%3A27%3A37.082Z&time_zone=Asia%2FSeoul&limit=31:0
[  179630ms] [ERROR] Failed to load resource: the server responded with a status of 401 () @ https://cbt.morphfactory.io/api/user/dashboard/cost-preview?from=2026-09-14T15%3A00%3A00.000Z&to=2026-09-21T06%3A27%3A37.082Z&group_by=day&time_zone=Asia%2FSeoul&limit=200:0
[  179630ms] [ERROR] Failed to load resource: the server responded with a status of 502 () @ https://cbt.morphfactory.io/api/user/funding:0
[  179633ms] [ERROR] Failed to load resource: the server responded with a status of 401 () @ https://cbt.morphfactory.io/api/user/dashboard/api-keys?limit=200:0
[  179633ms] [ERROR] Failed to load resource: the server responded with a status of 401 () @ https://cbt.morphfactory.io/api/user/dashboard:0
[  179653ms] [ERROR] Failed to load resource: the server responded with a status of 405 () @ https://cbt.morphfactory.io/api/user/account?from=2026-09-14T15%3A00%3A00.000Z&to=2026-09-21T06%3A27%3A37.082Z:0
[  179880ms] [ERROR] Failed to load resource: the server responded with a status of 401 () @ https://cbt.morphfactory.io/api/user/dashboard/usage?from=2026-09-14T15%3A00%3A00.000Z&to=2026-09-21T06%3A27%3A37.332Z&time_zone=Asia%2FSeoul&limit=31:0
[  179881ms] [ERROR] Failed to load resource: the server responded with a status of 502 () @ https://cbt.morphfactory.io/api/user/funding:0
[  179881ms] [ERROR] Failed to load resource: the server responded with a status of 401 () @ https://cbt.morphfactory.io/api/user/dashboard/cost-preview?from=2026-09-14T15%3A00%3A00.000Z&to=2026-09-21T06%3A27%3A37.332Z&group_by=day&time_zone=Asia%2FSeoul&limit=200:0
[  179881ms] [ERROR] Failed to load resource: the server responded with a status of 401 () @ https://cbt.morphfactory.io/api/user/dashboard/api-keys?limit=200:0
[  179883ms] [ERROR] Failed to load resource: the server responded with a status of 401 () @ https://cbt.morphfactory.io/api/user/dashboard:0
[  179889ms] [ERROR] Failed to load resource: the server responded with a status of 405 () @ https://cbt.morphfactory.io/api/user/account?from=2026-09-14T15%3A00%3A00.000Z&to=2026-09-21T06%3A27%3A37.332Z:0
[  180407ms] [ERROR] Failed to load resource: the server responded with a status of 405 () @ https://cbt.morphfactory.io/api/user/account?from=2026-09-14T15%3A00%3A00.000Z&to=2026-09-21T06%3A27%3A37.850Z:0
[  180408ms] [ERROR] Failed to load resource: the server responded with a status of 401 () @ https://cbt.morphfactory.io/api/user/dashboard/usage?from=2026-09-14T15%3A00%3A00.000Z&to=2026-09-21T06%3A27%3A37.850Z&time_zone=Asia%2FSeoul&limit=31:0
[  180408ms] [ERROR] Failed to load resource: the server responded with a status of 401 () @ https://cbt.morphfactory.io/api/user/dashboard/cost-preview?from=2026-09-14T15%3A00%3A00.000Z&to=2026-09-21T06%3A27%3A37.850Z&group_by=day&time_zone=Asia%2FSeoul&limit=200:0
[  180409ms] [ERROR] Failed to load resource: the server responded with a status of 401 () @ https://cbt.morphfactory.io/api/user/dashboard/api-keys?limit=200:0
[  180409ms] [ERROR] Failed to load resource: the server responded with a status of 502 () @ https://cbt.morphfactory.io/api/user/funding:0
[  180410ms] [ERROR] Failed to load resource: the server responded with a status of 401 () @ https://cbt.morphfactory.io/api/user/dashboard:0
[  180894ms] [ERROR] Failed to load resource: the server responded with a status of 401 () @ https://cbt.morphfactory.io/api/user/dashboard/usage?from=2026-09-14T15%3A00%3A00.000Z&to=2026-09-21T06%3A27%3A38.333Z&time_zone=Asia%2FSeoul&limit=31:0
[  180894ms] [ERROR] Failed to load resource: the server responded with a status of 401 () @ https://cbt.morphfactory.io/api/user/dashboard/cost-preview?from=2026-09-14T15%3A00%3A00.000Z&to=2026-09-21T06%3A27%3A38.333Z&group_by=day&time_zone=Asia%2FSeoul&limit=200:0
[  180895ms] [ERROR] Failed to load resource: the server responded with a status of 502 () @ https://cbt.morphfactory.io/api/user/funding:0
[  180895ms] [ERROR] Failed to load resource: the server responded with a status of 401 () @ https://cbt.morphfactory.io/api/user/dashboard/api-keys?limit=200:0
[  180895ms] [ERROR] Failed to load resource: the server responded with a status of 401 () @ https://cbt.morphfactory.io/api/user/dashboard:0
[  180906ms] [ERROR] Failed to load resource: the server responded with a status of 405 () @ https://cbt.morphfactory.io/api/user/account?from=2026-09-14T15%3A00%3A00.000Z&to=2026-09-21T06%3A27%3A38.333Z:0
[  181776ms] [ERROR] Failed to load resource: the server responded with a status of 401 () @ https://cbt.morphfactory.io/api/user/dashboard/usage?from=2026-09-14T15%3A00%3A00.000Z&to=2026-09-21T06%3A27%3A39.216Z&time_zone=Asia%2FSeoul&limit=31:0
[  181784ms] [ERROR] Failed to load resource: the server responded with a status of 401 () @ https://cbt.morphfactory.io/api/user/dashboard/cost-preview?from=2026-09-14T15%3A00%3A00.000Z&to=2026-09-21T06%3A27%3A39.216Z&group_by=day&time_zone=Asia%2FSeoul&limit=200:0
[  181784ms] [ERROR] Failed to load resource: the server responded with a status of 502 () @ https://cbt.morphfactory.io/api/user/funding:0
[  181784ms] [ERROR] Failed to load resource: the server responded with a status of 401 () @ https://cbt.morphfactory.io/api/user/dashboard/api-keys?limit=200:0
[  181785ms] [ERROR] Failed to load resource: the server responded with a status of 401 () @ https://cbt.morphfactory.io/api/user/dashboard:0
[  181786ms] [ERROR] Failed to load resource: the server responded with a status of 405 () @ https://cbt.morphfactory.io/api/user/account?from=2026-09-14T15%3A00%3A00.000Z&to=2026-09-21T06%3A27%3A39.216Z:0
[  182388ms] [ERROR] Failed to load resource: the server responded with a status of 401 () @ https://cbt.morphfactory.io/api/user/dashboard/usage?from=2026-09-14T15%3A00%3A00.000Z&to=2026-09-21T06%3A27%3A39.849Z&time_zone=Asia%2FSeoul&limit=31:0
[  182388ms] [ERROR] Failed to load resource: the server responded with a status of 401 () @ https://cbt.morphfactory.io/api/user/dashboard/cost-preview?from=2026-09-14T15%3A00%3A00.000Z&to=2026-09-21T06%3A27%3A39.849Z&group_by=day&time_zone=Asia%2FSeoul&limit=200:0
[  182388ms] [ERROR] Failed to load resource: the server responded with a status of 502 () @ https://cbt.morphfactory.io/api/user/funding:0
[  182389ms] [ERROR] Failed to load resource: the server responded with a status of 401 () @ https://cbt.morphfactory.io/api/user/dashboard/api-keys?limit=200:0
[  182396ms] [ERROR] Failed to load resource: the server responded with a status of 401 () @ https://cbt.morphfactory.io/api/user/dashboard:0
[  182401ms] [ERROR] Failed to load resource: the server responded with a status of 405 () @ https://cbt.morphfactory.io/api/user/account?from=2026-09-14T15%3A00%3A00.000Z&to=2026-09-21T06%3A27%3A39.849Z:0
[  182938ms] [ERROR] Failed to load resource: the server responded with a status of 401 () @ https://cbt.morphfactory.io/api/user/dashboard/usage?from=2026-09-14T15%3A00%3A00.000Z&to=2026-09-21T06%3A27%3A40.399Z&time_zone=Asia%2FSeoul&limit=31:0
[  182939ms] [ERROR] Failed to load resource: the server responded with a status of 401 () @ https://cbt.morphfactory.io/api/user/dashboard/cost-preview?from=2026-09-14T15%3A00%3A00.000Z&to=2026-09-21T06%3A27%3A40.399Z&group_by=day&time_zone=Asia%2FSeoul&limit=200:0
[  182940ms] [ERROR] Failed to load resource: the server responded with a status of 405 () @ https://cbt.morphfactory.io/api/user/account?from=2026-09-14T15%3A00%3A00.000Z&to=2026-09-21T06%3A27%3A40.399Z:0
[  182946ms] [ERROR] Failed to load resource: the server responded with a status of 502 () @ https://cbt.morphfactory.io/api/user/funding:0
[  182953ms] [ERROR] Failed to load resource: the server responded with a status of 401 () @ https://cbt.morphfactory.io/api/user/dashboard:0
[  182953ms] [ERROR] Failed to load resource: the server responded with a status of 401 () @ https://cbt.morphfactory.io/api/user/dashboard/api-keys?limit=200:0
[  183635ms] [ERROR] Failed to load resource: the server responded with a status of 401 () @ https://cbt.morphfactory.io/api/user/dashboard/usage?from=2026-09-14T15%3A00%3A00.000Z&to=2026-09-21T06%3A27%3A41.066Z&time_zone=Asia%2FSeoul&limit=31:0
[  183635ms] [ERROR] Failed to load resource: the server responded with a status of 401 () @ https://cbt.morphfactory.io/api/user/dashboard/cost-preview?from=2026-09-14T15%3A00%3A00.000Z&to=2026-09-21T06%3A27%3A41.066Z&group_by=day&time_zone=Asia%2FSeoul&limit=200:0
[  183636ms] [ERROR] Failed to load resource: the server responded with a status of 401 () @ https://cbt.morphfactory.io/api/user/dashboard/api-keys?limit=200:0
[  183878ms] [ERROR] Failed to load resource: the server responded with a status of 502 () @ https://cbt.morphfactory.io/api/user/funding:0
[  183880ms] [ERROR] Failed to load resource: the server responded with a status of 401 () @ https://cbt.morphfactory.io/api/user/dashboard:0
[  183882ms] [ERROR] Failed to load resource: the server responded with a status of 405 () @ https://cbt.morphfactory.io/api/user/account?from=2026-09-14T15%3A00%3A00.000Z&to=2026-09-21T06%3A27%3A41.066Z:0
[  184244ms] [ERROR] Failed to load resource: the server responded with a status of 401 () @ https://cbt.morphfactory.io/api/user/dashboard/usage?from=2026-09-14T15%3A00%3A00.000Z&to=2026-09-21T06%3A27%3A41.699Z&time_zone=Asia%2FSeoul&limit=31:0
[  184244ms] [ERROR] Failed to load resource: the server responded with a status of 401 () @ https://cbt.morphfactory.io/api/user/dashboard/cost-preview?from=2026-09-14T15%3A00%3A00.000Z&to=2026-09-21T06%3A27%3A41.699Z&group_by=day&time_zone=Asia%2FSeoul&limit=200:0
[  184244ms] [ERROR] Failed to load resource: the server responded with a status of 502 () @ https://cbt.morphfactory.io/api/user/funding:0
[  184249ms] [ERROR] Failed to load resource: the server responded with a status of 401 () @ https://cbt.morphfactory.io/api/user/dashboard/api-keys?limit=200:0
[  184250ms] [ERROR] Failed to load resource: the server responded with a status of 401 () @ https://cbt.morphfactory.io/api/user/dashboard:0
[  184250ms] [ERROR] Failed to load resource: the server responded with a status of 405 () @ https://cbt.morphfactory.io/api/user/account?from=2026-09-14T15%3A00%3A00.000Z&to=2026-09-21T06%3A27%3A41.699Z:0
[  184876ms] [ERROR] Failed to load resource: the server responded with a status of 401 () @ https://cbt.morphfactory.io/api/user/dashboard/usage?from=2026-09-14T15%3A00%3A00.000Z&to=2026-09-21T06%3A27%3A42.332Z&time_zone=Asia%2FSeoul&limit=31:0
[  184876ms] [ERROR] Failed to load resource: the server responded with a status of 401 () @ https://cbt.morphfactory.io/api/user/dashboard/cost-preview?from=2026-09-14T15%3A00%3A00.000Z&to=2026-09-21T06%3A27%3A42.332Z&group_by=day&time_zone=Asia%2FSeoul&limit=200:0
[  184876ms] [ERROR] Failed to load resource: the server responded with a status of 401 () @ https://cbt.morphfactory.io/api/user/dashboard/api-keys?limit=200:0
[  184877ms] [ERROR] Failed to load resource: the server responded with a status of 502 () @ https://cbt.morphfactory.io/api/user/funding:0
[  184878ms] [ERROR] Failed to load resource: the server responded with a status of 401 () @ https://cbt.morphfactory.io/api/user/dashboard:0
[  184886ms] [ERROR] Failed to load resource: the server responded with a status of 405 () @ https://cbt.morphfactory.io/api/user/account?from=2026-09-14T15%3A00%3A00.000Z&to=2026-09-21T06%3A27%3A42.332Z:0
[  185244ms] [ERROR] Failed to load resource: the server responded with a status of 401 () @ https://cbt.morphfactory.io/api/user/dashboard/usage?from=2026-09-14T15%3A00%3A00.000Z&to=2026-09-21T06%3A27%3A42.683Z&time_zone=Asia%2FSeoul&limit=31:0
[  185244ms] [ERROR] Failed to load resource: the server responded with a status of 502 () @ https://cbt.morphfactory.io/api/user/funding:0
[  185245ms] [ERROR] Failed to load resource: the server responded with a status of 401 () @ https://cbt.morphfactory.io/api/user/dashboard/cost-preview?from=2026-09-14T15%3A00%3A00.000Z&to=2026-09-21T06%3A27%3A42.683Z&group_by=day&time_zone=Asia%2FSeoul&limit=200:0
[  185245ms] [ERROR] Failed to load resource: the server responded with a status of 401 () @ https://cbt.morphfactory.io/api/user/dashboard/api-keys?limit=200:0
[  185263ms] [ERROR] Failed to load resource: the server responded with a status of 401 () @ https://cbt.morphfactory.io/api/user/dashboard:0
[  185264ms] [ERROR] Failed to load resource: the server responded with a status of 405 () @ https://cbt.morphfactory.io/api/user/account?from=2026-09-14T15%3A00%3A00.000Z&to=2026-09-21T06%3A27%3A42.683Z:0
[  185353ms] [ERROR] Failed to load resource: the server responded with a status of 401 () @ https://cbt.morphfactory.io/api/user/dashboard/cost-preview?from=2026-09-14T15%3A00%3A00.000Z&to=2026-09-21T06%3A27%3A42.815Z&group_by=day&time_zone=Asia%2FSeoul&limit=200:0
[  185353ms] [ERROR] Failed to load resource: the server responded with a status of 401 () @ https://cbt.morphfactory.io/api/user/dashboard/usage?from=2026-09-14T15%3A00%3A00.000Z&to=2026-09-21T06%3A27%3A42.815Z&time_zone=Asia%2FSeoul&limit=31:0
[  185354ms] [ERROR] Failed to load resource: the server responded with a status of 401 () @ https://cbt.morphfactory.io/api/user/dashboard/api-keys?limit=200:0
[  185354ms] [ERROR] Failed to load resource: the server responded with a status of 502 () @ https://cbt.morphfactory.io/api/user/funding:0
[  185358ms] [ERROR] Failed to load resource: the server responded with a status of 401 () @ https://cbt.morphfactory.io/api/user/dashboard:0
[  185358ms] [ERROR] Failed to load resource: the server responded with a status of 405 () @ https://cbt.morphfactory.io/api/user/account?from=2026-09-14T15%3A00%3A00.000Z&to=2026-09-21T06%3A27%3A42.815Z:0
[  185488ms] [ERROR] Failed to load resource: the server responded with a status of 401 () @ https://cbt.morphfactory.io/api/user/dashboard/usage?from=2026-09-14T15%3A00%3A00.000Z&to=2026-09-21T06%3A27%3A42.949Z&time_zone=Asia%2FSeoul&limit=31:0
[  185490ms] [ERROR] Failed to load resource: the server responded with a status of 401 () @ https://cbt.morphfactory.io/api/user/dashboard/cost-preview?from=2026-09-14T15%3A00%3A00.000Z&to=2026-09-21T06%3A27%3A42.949Z&group_by=day&time_zone=Asia%2FSeoul&limit=200:0
[  185490ms] [ERROR] Failed to load resource: the server responded with a status of 401 () @ https://cbt.morphfactory.io/api/user/dashboard/api-keys?limit=200:0
[  185490ms] [ERROR] Failed to load resource: the server responded with a status of 502 () @ https://cbt.morphfactory.io/api/user/funding:0
[  185491ms] [ERROR] Failed to load resource: the server responded with a status of 401 () @ https://cbt.morphfactory.io/api/user/dashboard:0
[  185502ms] [ERROR] Failed to load resource: the server responded with a status of 405 () @ https://cbt.morphfactory.io/api/user/account?from=2026-09-14T15%3A00%3A00.000Z&to=2026-09-21T06%3A27%3A42.949Z:0
[  185590ms] [ERROR] Failed to load resource: the server responded with a status of 401 () @ https://cbt.morphfactory.io/api/user/dashboard/usage?from=2026-09-14T15%3A00%3A00.000Z&to=2026-09-21T06%3A27%3A43.049Z&time_zone=Asia%2FSeoul&limit=31:0
[  185590ms] [ERROR] Failed to load resource: the server responded with a status of 401 () @ https://cbt.morphfactory.io/api/user/dashboard/cost-preview?from=2026-09-14T15%3A00%3A00.000Z&to=2026-09-21T06%3A27%3A43.049Z&group_by=day&time_zone=Asia%2FSeoul&limit=200:0
[  185590ms] [ERROR] Failed to load resource: the server responded with a status of 502 () @ https://cbt.morphfactory.io/api/user/funding:0
[  185590ms] [ERROR] Failed to load resource: the server responded with a status of 401 () @ https://cbt.morphfactory.io/api/user/dashboard/api-keys?limit=200:0
[  185591ms] [ERROR] Failed to load resource: the server responded with a status of 401 () @ https://cbt.morphfactory.io/api/user/dashboard:0
[  185597ms] [ERROR] Failed to load resource: the server responded with a status of 405 () @ https://cbt.morphfactory.io/api/user/account?from=2026-09-14T15%3A00%3A00.000Z&to=2026-09-21T06%3A27%3A43.049Z:0
[  185819ms] [ERROR] Failed to load resource: the server responded with a status of 401 () @ https://cbt.morphfactory.io/api/user/dashboard/cost-preview?from=2026-09-14T15%3A00%3A00.000Z&to=2026-09-21T06%3A27%3A43.265Z&group_by=day&time_zone=Asia%2FSeoul&limit=200:0
[  185820ms] [ERROR] Failed to load resource: the server responded with a status of 401 () @ https://cbt.morphfactory.io/api/user/dashboard/usage?from=2026-09-14T15%3A00%3A00.000Z&to=2026-09-21T06%3A27%3A43.265Z&time_zone=Asia%2FSeoul&limit=31:0
[  185820ms] [ERROR] Failed to load resource: the server responded with a status of 502 () @ https://cbt.morphfactory.io/api/user/funding:0
[  185820ms] [ERROR] Failed to load resource: the server responded with a status of 401 () @ https://cbt.morphfactory.io/api/user/dashboard/api-keys?limit=200:0
[  185820ms] [ERROR] Failed to load resource: the server responded with a status of 401 () @ https://cbt.morphfactory.io/api/user/dashboard:0
[  185830ms] [ERROR] Failed to load resource: the server responded with a status of 405 () @ https://cbt.morphfactory.io/api/user/account?from=2026-09-14T15%3A00%3A00.000Z&to=2026-09-21T06%3A27%3A43.265Z:0
[  185936ms] [ERROR] Failed to load resource: the server responded with a status of 401 () @ https://cbt.morphfactory.io/api/user/dashboard/usage?from=2026-09-14T15%3A00%3A00.000Z&to=2026-09-21T06%3A27%3A43.382Z&time_zone=Asia%2FSeoul&limit=31:0
[  185936ms] [ERROR] Failed to load resource: the server responded with a status of 401 () @ https://cbt.morphfactory.io/api/user/dashboard/cost-preview?from=2026-09-14T15%3A00%3A00.000Z&to=2026-09-21T06%3A27%3A43.382Z&group_by=day&time_zone=Asia%2FSeoul&limit=200:0
[  185941ms] [ERROR] Failed to load resource: the server responded with a status of 502 () @ https://cbt.morphfactory.io/api/user/funding:0
[  185942ms] [ERROR] Failed to load resource: the server responded with a status of 401 () @ https://cbt.morphfactory.io/api/user/dashboard/api-keys?limit=200:0
[  185944ms] [ERROR] Failed to load resource: the server responded with a status of 401 () @ https://cbt.morphfactory.io/api/user/dashboard:0
[  185944ms] [ERROR] Failed to load resource: the server responded with a status of 405 () @ https://cbt.morphfactory.io/api/user/account?from=2026-09-14T15%3A00%3A00.000Z&to=2026-09-21T06%3A27%3A43.382Z:0
[  186038ms] [ERROR] Failed to load resource: the server responded with a status of 401 () @ https://cbt.morphfactory.io/api/user/dashboard/cost-preview?from=2026-09-14T15%3A00%3A00.000Z&to=2026-09-21T06%3A27%3A43.498Z&group_by=day&time_zone=Asia%2FSeoul&limit=200:0
[  186038ms] [ERROR] Failed to load resource: the server responded with a status of 401 () @ https://cbt.morphfactory.io/api/user/dashboard/usage?from=2026-09-14T15%3A00%3A00.000Z&to=2026-09-21T06%3A27%3A43.498Z&time_zone=Asia%2FSeoul&limit=31:0
[  186038ms] [ERROR] Failed to load resource: the server responded with a status of 502 () @ https://cbt.morphfactory.io/api/user/funding:0
[  186040ms] [ERROR] Failed to load resource: the server responded with a status of 401 () @ https://cbt.morphfactory.io/api/user/dashboard/api-keys?limit=200:0
[  186040ms] [ERROR] Failed to load resource: the server responded with a status of 401 () @ https://cbt.morphfactory.io/api/user/dashboard:0
[  186046ms] [ERROR] Failed to load resource: the server responded with a status of 405 () @ https://cbt.morphfactory.io/api/user/account?from=2026-09-14T15%3A00%3A00.000Z&to=2026-09-21T06%3A27%3A43.498Z:0
[  186241ms] [ERROR] Failed to load resource: the server responded with a status of 401 () @ https://cbt.morphfactory.io/api/user/dashboard/usage?from=2026-09-14T15%3A00%3A00.000Z&to=2026-09-21T06%3A27%3A43.615Z&time_zone=Asia%2FSeoul&limit=31:0
[  186242ms] [ERROR] Failed to load resource: the server responded with a status of 401 () @ https://cbt.morphfactory.io/api/user/dashboard/cost-preview?from=2026-09-14T15%3A00%3A00.000Z&to=2026-09-21T06%3A27%3A43.615Z&group_by=day&time_zone=Asia%2FSeoul&limit=200:0
[  186242ms] [ERROR] Failed to load resource: the server responded with a status of 502 () @ https://cbt.morphfactory.io/api/user/funding:0
[  186245ms] [ERROR] Failed to load resource: the server responded with a status of 401 () @ https://cbt.morphfactory.io/api/user/dashboard/api-keys?limit=200:0
[  186245ms] [ERROR] Failed to load resource: the server responded with a status of 401 () @ https://cbt.morphfactory.io/api/user/dashboard:0
[  186268ms] [ERROR] Failed to load resource: the server responded with a status of 405 () @ https://cbt.morphfactory.io/api/user/account?from=2026-09-14T15%3A00%3A00.000Z&to=2026-09-21T06%3A27%3A43.615Z:0
[  186434ms] [ERROR] Failed to load resource: the server responded with a status of 401 () @ https://cbt.morphfactory.io/api/user/dashboard/cost-preview?from=2026-09-14T15%3A00%3A00.000Z&to=2026-09-21T06%3A27%3A43.832Z&group_by=day&time_zone=Asia%2FSeoul&limit=200:0
[  186436ms] [ERROR] Failed to load resource: the server responded with a status of 401 () @ https://cbt.morphfactory.io/api/user/dashboard/usage?from=2026-09-14T15%3A00%3A00.000Z&to=2026-09-21T06%3A27%3A43.832Z&time_zone=Asia%2FSeoul&limit=31:0
[  186436ms] [ERROR] Failed to load resource: the server responded with a status of 502 () @ https://cbt.morphfactory.io/api/user/funding:0
[  186436ms] [ERROR] Failed to load resource: the server responded with a status of 401 () @ https://cbt.morphfactory.io/api/user/dashboard/api-keys?limit=200:0
[  186437ms] [ERROR] Failed to load resource: the server responded with a status of 401 () @ https://cbt.morphfactory.io/api/user/dashboard:0
[  186442ms] [ERROR] Failed to load resource: the server responded with a status of 405 () @ https://cbt.morphfactory.io/api/user/account?from=2026-09-14T15%3A00%3A00.000Z&to=2026-09-21T06%3A27%3A43.832Z:0
[  186607ms] [ERROR] Failed to load resource: the server responded with a status of 401 () @ https://cbt.morphfactory.io/api/user/dashboard/usage?from=2026-09-14T15%3A00%3A00.000Z&to=2026-09-21T06%3A27%3A44.065Z&time_zone=Asia%2FSeoul&limit=31:0
[  186607ms] [ERROR] Failed to load resource: the server responded with a status of 401 () @ https://cbt.morphfactory.io/api/user/dashboard/cost-preview?from=2026-09-14T15%3A00%3A00.000Z&to=2026-09-21T06%3A27%3A44.065Z&group_by=day&time_zone=Asia%2FSeoul&limit=200:0
[  186613ms] [ERROR] Failed to load resource: the server responded with a status of 502 () @ https://cbt.morphfactory.io/api/user/funding:0
[  186613ms] [ERROR] Failed to load resource: the server responded with a status of 401 () @ https://cbt.morphfactory.io/api/user/dashboard/api-keys?limit=200:0
[  186615ms] [ERROR] Failed to load resource: the server responded with a status of 401 () @ https://cbt.morphfactory.io/api/user/dashboard:0
[  186617ms] [ERROR] Failed to load resource: the server responded with a status of 405 () @ https://cbt.morphfactory.io/api/user/account?from=2026-09-14T15%3A00%3A00.000Z&to=2026-09-21T06%3A27%3A44.065Z:0
[  186736ms] [ERROR] Failed to load resource: the server responded with a status of 401 () @ https://cbt.morphfactory.io/api/user/dashboard/usage?from=2026-09-14T15%3A00%3A00.000Z&to=2026-09-21T06%3A27%3A44.198Z&time_zone=Asia%2FSeoul&limit=31:0
[  186736ms] [ERROR] Failed to load resource: the server responded with a status of 401 () @ https://cbt.morphfactory.io/api/user/dashboard/cost-preview?from=2026-09-14T15%3A00%3A00.000Z&to=2026-09-21T06%3A27%3A44.198Z&group_by=day&time_zone=Asia%2FSeoul&limit=200:0
[  186736ms] [ERROR] Failed to load resource: the server responded with a status of 401 () @ https://cbt.morphfactory.io/api/user/dashboard/api-keys?limit=200:0
[  186740ms] [ERROR] Failed to load resource: the server responded with a status of 502 () @ https://cbt.morphfactory.io/api/user/funding:0
[  186741ms] [ERROR] Failed to load resource: the server responded with a status of 401 () @ https://cbt.morphfactory.io/api/user/dashboard:0
[  186742ms] [ERROR] Failed to load resource: the server responded with a status of 405 () @ https://cbt.morphfactory.io/api/user/account?from=2026-09-14T15%3A00%3A00.000Z&to=2026-09-21T06%3A27%3A44.198Z:0
[  186958ms] [ERROR] Failed to load resource: the server responded with a status of 401 () @ https://cbt.morphfactory.io/api/user/dashboard/usage?from=2026-09-14T15%3A00%3A00.000Z&to=2026-09-21T06%3A27%3A44.416Z&time_zone=Asia%2FSeoul&limit=31:0
[  186958ms] [ERROR] Failed to load resource: the server responded with a status of 401 () @ https://cbt.morphfactory.io/api/user/dashboard/cost-preview?from=2026-09-14T15%3A00%3A00.000Z&to=2026-09-21T06%3A27%3A44.416Z&group_by=day&time_zone=Asia%2FSeoul&limit=200:0
[  186959ms] [ERROR] Failed to load resource: the server responded with a status of 401 () @ https://cbt.morphfactory.io/api/user/dashboard/api-keys?limit=200:0
[  186959ms] [ERROR] Failed to load resource: the server responded with a status of 502 () @ https://cbt.morphfactory.io/api/user/funding:0
[  186959ms] [ERROR] Failed to load resource: the server responded with a status of 401 () @ https://cbt.morphfactory.io/api/user/dashboard:0
[  186960ms] [ERROR] Failed to load resource: the server responded with a status of 405 () @ https://cbt.morphfactory.io/api/user/account?from=2026-09-14T15%3A00%3A00.000Z&to=2026-09-21T06%3A27%3A44.416Z:0
[  187092ms] [ERROR] Failed to load resource: the server responded with a status of 401 () @ https://cbt.morphfactory.io/api/user/dashboard/usage?from=2026-09-14T15%3A00%3A00.000Z&to=2026-09-21T06%3A27%3A44.549Z&time_zone=Asia%2FSeoul&limit=31:0
[  187092ms] [ERROR] Failed to load resource: the server responded with a status of 401 () @ https://cbt.morphfactory.io/api/user/dashboard/cost-preview?from=2026-09-14T15%3A00%3A00.000Z&to=2026-09-21T06%3A27%3A44.549Z&group_by=day&time_zone=Asia%2FSeoul&limit=200:0
[  187095ms] [ERROR] Failed to load resource: the server responded with a status of 502 () @ https://cbt.morphfactory.io/api/user/funding:0
[  187096ms] [ERROR] Failed to load resource: the server responded with a status of 401 () @ https://cbt.morphfactory.io/api/user/dashboard/api-keys?limit=200:0
[  187096ms] [ERROR] Failed to load resource: the server responded with a status of 401 () @ https://cbt.morphfactory.io/api/user/dashboard:0
[  187119ms] [ERROR] Failed to load resource: the server responded with a status of 405 () @ https://cbt.morphfactory.io/api/user/account?from=2026-09-14T15%3A00%3A00.000Z&to=2026-09-21T06%3A27%3A44.549Z:0
[  187221ms] [ERROR] Failed to load resource: the server responded with a status of 401 () @ https://cbt.morphfactory.io/api/user/dashboard/cost-preview?from=2026-09-14T15%3A00%3A00.000Z&to=2026-09-21T06%3A27%3A44.682Z&group_by=day&time_zone=Asia%2FSeoul&limit=200:0
[  187221ms] [ERROR] Failed to load resource: the server responded with a status of 401 () @ https://cbt.morphfactory.io/api/user/dashboard/usage?from=2026-09-14T15%3A00%3A00.000Z&to=2026-09-21T06%3A27%3A44.682Z&time_zone=Asia%2FSeoul&limit=31:0
[  187223ms] [ERROR] Failed to load resource: the server responded with a status of 401 () @ https://cbt.morphfactory.io/api/user/dashboard/api-keys?limit=200:0
[  187223ms] [ERROR] Failed to load resource: the server responded with a status of 401 () @ https://cbt.morphfactory.io/api/user/dashboard:0
[  187224ms] [ERROR] Failed to load resource: the server responded with a status of 502 () @ https://cbt.morphfactory.io/api/user/funding:0
[  187226ms] [ERROR] Failed to load resource: the server responded with a status of 405 () @ https://cbt.morphfactory.io/api/user/account?from=2026-09-14T15%3A00%3A00.000Z&to=2026-09-21T06%3A27%3A44.682Z:0
[  187355ms] [ERROR] Failed to load resource: the server responded with a status of 401 () @ https://cbt.morphfactory.io/api/user/dashboard/usage?from=2026-09-14T15%3A00%3A00.000Z&to=2026-09-21T06%3A27%3A44.799Z&time_zone=Asia%2FSeoul&limit=31:0
[  187355ms] [ERROR] Failed to load resource: the server responded with a status of 401 () @ https://cbt.morphfactory.io/api/user/dashboard/cost-preview?from=2026-09-14T15%3A00%3A00.000Z&to=2026-09-21T06%3A27%3A44.799Z&group_by=day&time_zone=Asia%2FSeoul&limit=200:0
[  187356ms] [ERROR] Failed to load resource: the server responded with a status of 401 () @ https://cbt.morphfactory.io/api/user/dashboard/api-keys?limit=200:0
[  187356ms] [ERROR] Failed to load resource: the server responded with a status of 502 () @ https://cbt.morphfactory.io/api/user/funding:0
[  187366ms] [ERROR] Failed to load resource: the server responded with a status of 401 () @ https://cbt.morphfactory.io/api/user/dashboard:0
[  187366ms] [ERROR] Failed to load resource: the server responded with a status of 405 () @ https://cbt.morphfactory.io/api/user/account?from=2026-09-14T15%3A00%3A00.000Z&to=2026-09-21T06%3A27%3A44.799Z:0
[  187753ms] [ERROR] Failed to load resource: the server responded with a status of 401 () @ https://cbt.morphfactory.io/api/user/dashboard/usage?from=2026-09-14T15%3A00%3A00.000Z&to=2026-09-21T06%3A27%3A45.133Z&time_zone=Asia%2FSeoul&limit=31:0
[  187753ms] [ERROR] Failed to load resource: the server responded with a status of 502 () @ https://cbt.morphfactory.io/api/user/funding:0
[  187764ms] [ERROR] Failed to load resource: the server responded with a status of 401 () @ https://cbt.morphfactory.io/api/user/dashboard/cost-preview?from=2026-09-14T15%3A00%3A00.000Z&to=2026-09-21T06%3A27%3A45.133Z&group_by=day&time_zone=Asia%2FSeoul&limit=200:0
[  187764ms] [ERROR] Failed to load resource: the server responded with a status of 401 () @ https://cbt.morphfactory.io/api/user/dashboard/api-keys?limit=200:0
[  187766ms] [ERROR] Failed to load resource: the server responded with a status of 401 () @ https://cbt.morphfactory.io/api/user/dashboard:0
[  187766ms] [ERROR] Failed to load resource: the server responded with a status of 405 () @ https://cbt.morphfactory.io/api/user/account?from=2026-09-14T15%3A00%3A00.000Z&to=2026-09-21T06%3A27%3A45.133Z:0
[  188010ms] [ERROR] Failed to load resource: the server responded with a status of 401 () @ https://cbt.morphfactory.io/api/user/dashboard/usage?from=2026-09-14T15%3A00%3A00.000Z&to=2026-09-21T06%3A27%3A45.465Z&time_zone=Asia%2FSeoul&limit=31:0
[  188010ms] [ERROR] Failed to load resource: the server responded with a status of 401 () @ https://cbt.morphfactory.io/api/user/dashboard/cost-preview?from=2026-09-14T15%3A00%3A00.000Z&to=2026-09-21T06%3A27%3A45.465Z&group_by=day&time_zone=Asia%2FSeoul&limit=200:0
[  188012ms] [ERROR] Failed to load resource: the server responded with a status of 502 () @ https://cbt.morphfactory.io/api/user/funding:0
[  188012ms] [ERROR] Failed to load resource: the server responded with a status of 401 () @ https://cbt.morphfactory.io/api/user/dashboard/api-keys?limit=200:0
[  188017ms] [ERROR] Failed to load resource: the server responded with a status of 401 () @ https://cbt.morphfactory.io/api/user/dashboard:0
[  188017ms] [ERROR] Failed to load resource: the server responded with a status of 405 () @ https://cbt.morphfactory.io/api/user/account?from=2026-09-14T15%3A00%3A00.000Z&to=2026-09-21T06%3A27%3A45.465Z:0
[  188379ms] [ERROR] Failed to load resource: the server responded with a status of 401 () @ https://cbt.morphfactory.io/api/user/dashboard/usage?from=2026-09-14T15%3A00%3A00.000Z&to=2026-09-21T06%3A27%3A45.833Z&time_zone=Asia%2FSeoul&limit=31:0
[  188379ms] [ERROR] Failed to load resource: the server responded with a status of 401 () @ https://cbt.morphfactory.io/api/user/dashboard/cost-preview?from=2026-09-14T15%3A00%3A00.000Z&to=2026-09-21T06%3A27%3A45.833Z&group_by=day&time_zone=Asia%2FSeoul&limit=200:0
[  188381ms] [ERROR] Failed to load resource: the server responded with a status of 401 () @ https://cbt.morphfactory.io/api/user/dashboard/api-keys?limit=200:0
[  188383ms] [ERROR] Failed to load resource: the server responded with a status of 502 () @ https://cbt.morphfactory.io/api/user/funding:0
[  188384ms] [ERROR] Failed to load resource: the server responded with a status of 401 () @ https://cbt.morphfactory.io/api/user/dashboard:0
[  188388ms] [ERROR] Failed to load resource: the server responded with a status of 405 () @ https://cbt.morphfactory.io/api/user/account?from=2026-09-14T15%3A00%3A00.000Z&to=2026-09-21T06%3A27%3A45.833Z:0
[  199358ms] [ERROR] Failed to load resource: the server responded with a status of 401 () @ https://cbt.morphfactory.io/api/user/dashboard/cost-preview?from=2026-08-22T15%3A00%3A00.000Z&to=2026-09-21T06%3A27%3A56.800Z&group_by=day&time_zone=Asia%2FSeoul&limit=200:0
[  199358ms] [ERROR] Failed to load resource: the server responded with a status of 401 () @ https://cbt.morphfactory.io/api/user/dashboard/usage?from=2026-08-22T15%3A00%3A00.000Z&to=2026-09-21T06%3A27%3A56.800Z&time_zone=Asia%2FSeoul&limit=31:0
[  199359ms] [ERROR] Failed to load resource: the server responded with a status of 401 () @ https://cbt.morphfactory.io/api/user/dashboard:0
[  199359ms] [ERROR] Failed to load resource: the server responded with a status of 502 () @ https://cbt.morphfactory.io/api/user/funding:0
[  199360ms] [ERROR] Failed to load resource: the server responded with a status of 401 () @ https://cbt.morphfactory.io/api/user/dashboard/api-keys?limit=200:0
[  199363ms] [ERROR] Failed to load resource: the server responded with a status of 405 () @ https://cbt.morphfactory.io/api/user/account?from=2026-08-22T15%3A00%3A00.000Z&to=2026-09-21T06%3A27%3A56.800Z:0
[  201370ms] [ERROR] Failed to load resource: the server responded with a status of 401 () @ https://cbt.morphfactory.io/api/user/dashboard/usage?from=2026-09-14T15%3A00%3A00.000Z&to=2026-09-21T06%3A27%3A58.799Z&time_zone=Asia%2FSeoul&limit=31:0
[  201371ms] [ERROR] Failed to load resource: the server responded with a status of 401 () @ https://cbt.morphfactory.io/api/user/dashboard/cost-preview?from=2026-09-14T15%3A00%3A00.000Z&to=2026-09-21T06%3A27%3A58.799Z&group_by=day&time_zone=Asia%2FSeoul&limit=200:0
[  201371ms] [ERROR] Failed to load resource: the server responded with a status of 502 () @ https://cbt.morphfactory.io/api/user/funding:0
[  201371ms] [ERROR] Failed to load resource: the server responded with a status of 401 () @ https://cbt.morphfactory.io/api/user/dashboard/api-keys?limit=200:0
[  201371ms] [ERROR] Failed to load resource: the server responded with a status of 401 () @ https://cbt.morphfactory.io/api/user/dashboard:0
[  201375ms] [ERROR] Failed to load resource: the server responded with a status of 405 () @ https://cbt.morphfactory.io/api/user/account?from=2026-09-14T15%3A00%3A00.000Z&to=2026-09-21T06%3A27%3A58.799Z:0
[  231375ms] [ERROR] Failed to load resource: the server responded with a status of 401 () @ https://cbt.morphfactory.io/api/user/dashboard/usage?from=2026-09-14T15%3A00%3A00.000Z&to=2026-09-21T06%3A28%3A28.809Z&time_zone=Asia%2FSeoul&limit=31:0
[  231376ms] [ERROR] Failed to load resource: the server responded with a status of 502 () @ https://cbt.morphfactory.io/api/user/funding:0
[  231376ms] [ERROR] Failed to load resource: the server responded with a status of 401 () @ https://cbt.morphfactory.io/api/user/dashboard/cost-preview?from=2026-09-14T15%3A00%3A00.000Z&to=2026-09-21T06%3A28%3A28.809Z&group_by=day&time_zone=Asia%2FSeoul&limit=200:0
[  231377ms] [ERROR] Failed to load resource: the server responded with a status of 401 () @ https://cbt.morphfactory.io/api/user/dashboard/api-keys?limit=200:0
[  231377ms] [ERROR] Failed to load resource: the server responded with a status of 401 () @ https://cbt.morphfactory.io/api/user/dashboard:0
[  231389ms] [ERROR] Failed to load resource: the server responded with a status of 405 () @ https://cbt.morphfactory.io/api/user/account?from=2026-09-14T15%3A00%3A00.000Z&to=2026-09-21T06%3A28%3A28.809Z:0
[  261368ms] [ERROR] Failed to load resource: the server responded with a status of 401 () @ https://cbt.morphfactory.io/api/user/dashboard/usage?from=2026-09-14T15%3A00%3A00.000Z&to=2026-09-21T06%3A28%3A58.808Z&time_zone=Asia%2FSeoul&limit=31:0
[  261368ms] [ERROR] Failed to load resource: the server responded with a status of 401 () @ https://cbt.morphfactory.io/api/user/dashboard/cost-preview?from=2026-09-14T15%3A00%3A00.000Z&to=2026-09-21T06%3A28%3A58.808Z&group_by=day&time_zone=Asia%2FSeoul&limit=200:0
[  261372ms] [ERROR] Failed to load resource: the server responded with a status of 502 () @ https://cbt.morphfactory.io/api/user/funding:0
[  261374ms] [ERROR] Failed to load resource: the server responded with a status of 401 () @ https://cbt.morphfactory.io/api/user/dashboard/api-keys?limit=200:0
[  261375ms] [ERROR] Failed to load resource: the server responded with a status of 401 () @ https://cbt.morphfactory.io/api/user/dashboard:0
[  261375ms] [ERROR] Failed to load resource: the server responded with a status of 405 () @ https://cbt.morphfactory.io/api/user/account?from=2026-09-14T15%3A00%3A00.000Z&to=2026-09-21T06%3A28%3A58.808Z:0
[  291364ms] [ERROR] Failed to load resource: the server responded with a status of 401 () @ https://cbt.morphfactory.io/api/user/dashboard/usage?from=2026-09-14T15%3A00%3A00.000Z&to=2026-09-21T06%3A29%3A28.810Z&time_zone=Asia%2FSeoul&limit=31:0
[  291370ms] [ERROR] Failed to load resource: the server responded with a status of 401 () @ https://cbt.morphfactory.io/api/user/dashboard/cost-preview?from=2026-09-14T15%3A00%3A00.000Z&to=2026-09-21T06%3A29%3A28.810Z&group_by=day&time_zone=Asia%2FSeoul&limit=200:0
[  291384ms] [ERROR] Failed to load resource: the server responded with a status of 502 () @ https://cbt.morphfactory.io/api/user/funding:0
[  291385ms] [ERROR] Failed to load resource: the server responded with a status of 401 () @ https://cbt.morphfactory.io/api/user/dashboard/api-keys?limit=200:0
[  291385ms] [ERROR] Failed to load resource: the server responded with a status of 401 () @ https://cbt.morphfactory.io/api/user/dashboard:0
[  291388ms] [ERROR] Failed to load resource: the server responded with a status of 405 () @ https://cbt.morphfactory.io/api/user/account?from=2026-09-14T15%3A00%3A00.000Z&to=2026-09-21T06%3A29%3A28.810Z:0
[  321360ms] [ERROR] Failed to load resource: the server responded with a status of 401 () @ https://cbt.morphfactory.io/api/user/dashboard/usage?from=2026-09-14T15%3A00%3A00.000Z&to=2026-09-21T06%3A29%3A58.809Z&time_zone=Asia%2FSeoul&limit=31:0
[  321364ms] [ERROR] Failed to load resource: the server responded with a status of 401 () @ https://cbt.morphfactory.io/api/user/dashboard/cost-preview?from=2026-09-14T15%3A00%3A00.000Z&to=2026-09-21T06%3A29%3A58.809Z&group_by=day&time_zone=Asia%2FSeoul&limit=200:0
[  321365ms] [ERROR] Failed to load resource: the server responded with a status of 502 () @ https://cbt.morphfactory.io/api/user/funding:0
[  321366ms] [ERROR] Failed to load resource: the server responded with a status of 401 () @ https://cbt.morphfactory.io/api/user/dashboard:0
[  321366ms] [ERROR] Failed to load resource: the server responded with a status of 401 () @ https://cbt.morphfactory.io/api/user/dashboard/api-keys?limit=200:0
[  321375ms] [ERROR] Failed to load resource: the server responded with a status of 405 () @ https://cbt.morphfactory.io/api/user/account?from=2026-09-14T15%3A00%3A00.000Z&to=2026-09-21T06%3A29%3A58.809Z:0
[  351359ms] [ERROR] Failed to load resource: the server responded with a status of 401 () @ https://cbt.morphfactory.io/api/user/dashboard/cost-preview?from=2026-09-14T15%3A00%3A00.000Z&to=2026-09-21T06%3A30%3A28.811Z&group_by=day&time_zone=Asia%2FSeoul&limit=200:0
[  351360ms] [ERROR] Failed to load resource: the server responded with a status of 401 () @ https://cbt.morphfactory.io/api/user/dashboard/api-keys?limit=200:0
[  351361ms] [ERROR] Failed to load resource: the server responded with a status of 401 () @ https://cbt.morphfactory.io/api/user/dashboard/usage?from=2026-09-14T15%3A00%3A00.000Z&to=2026-09-21T06%3A30%3A28.811Z&time_zone=Asia%2FSeoul&limit=31:0
[  351361ms] [ERROR] Failed to load resource: the server responded with a status of 502 () @ https://cbt.morphfactory.io/api/user/funding:0
[  351362ms] [ERROR] Failed to load resource: the server responded with a status of 401 () @ https://cbt.morphfactory.io/api/user/dashboard:0
[  351370ms] [ERROR] Failed to load resource: the server responded with a status of 405 () @ https://cbt.morphfactory.io/api/user/account?from=2026-09-14T15%3A00%3A00.000Z&to=2026-09-21T06%3A30%3A28.811Z:0
[  381357ms] [ERROR] Failed to load resource: the server responded with a status of 401 () @ https://cbt.morphfactory.io/api/user/dashboard/usage?from=2026-09-14T15%3A00%3A00.000Z&to=2026-09-21T06%3A30%3A58.809Z&time_zone=Asia%2FSeoul&limit=31:0
[  381357ms] [ERROR] Failed to load resource: the server responded with a status of 502 () @ https://cbt.morphfactory.io/api/user/funding:0
[  381357ms] [ERROR] Failed to load resource: the server responded with a status of 401 () @ https://cbt.morphfactory.io/api/user/dashboard/cost-preview?from=2026-09-14T15%3A00%3A00.000Z&to=2026-09-21T06%3A30%3A58.809Z&group_by=day&time_zone=Asia%2FSeoul&limit=200:0
[  381359ms] [ERROR] Failed to load resource: the server responded with a status of 401 () @ https://cbt.morphfactory.io/api/user/dashboard/api-keys?limit=200:0
[  381361ms] [ERROR] Failed to load resource: the server responded with a status of 401 () @ https://cbt.morphfactory.io/api/user/dashboard:0
[  381362ms] [ERROR] Failed to load resource: the server responded with a status of 405 () @ https://cbt.morphfactory.io/api/user/account?from=2026-09-14T15%3A00%3A00.000Z&to=2026-09-21T06%3A30%3A58.809Z:0
[  411386ms] [ERROR] Failed to load resource: the server responded with a status of 401 () @ https://cbt.morphfactory.io/api/user/dashboard/usage?from=2026-09-14T15%3A00%3A00.000Z&to=2026-09-21T06%3A31%3A28.810Z&time_zone=Asia%2FSeoul&limit=31:0
[  411387ms] [ERROR] Failed to load resource: the server responded with a status of 401 () @ https://cbt.morphfactory.io/api/user/dashboard/cost-preview?from=2026-09-14T15%3A00%3A00.000Z&to=2026-09-21T06%3A31%3A28.810Z&group_by=day&time_zone=Asia%2FSeoul&limit=200:0
[  411387ms] [ERROR] Failed to load resource: the server responded with a status of 502 () @ https://cbt.morphfactory.io/api/user/funding:0
[  411387ms] [ERROR] Failed to load resource: the server responded with a status of 401 () @ https://cbt.morphfactory.io/api/user/dashboard/api-keys?limit=200:0
[  411390ms] [ERROR] Failed to load resource: the server responded with a status of 401 () @ https://cbt.morphfactory.io/api/user/dashboard:0
[  411392ms] [ERROR] Failed to load resource: the server responded with a status of 405 () @ https://cbt.morphfactory.io/api/user/account?from=2026-09-14T15%3A00%3A00.000Z&to=2026-09-21T06%3A31%3A28.810Z:0
[  441356ms] [ERROR] Failed to load resource: the server responded with a status of 401 () @ https://cbt.morphfactory.io/api/user/dashboard/usage?from=2026-09-14T15%3A00%3A00.000Z&to=2026-09-21T06%3A31%3A58.810Z&time_zone=Asia%2FSeoul&limit=31:0
[  441357ms] [ERROR] Failed to load resource: the server responded with a status of 502 () @ https://cbt.morphfactory.io/api/user/funding:0
[  441357ms] [ERROR] Failed to load resource: the server responded with a status of 401 () @ https://cbt.morphfactory.io/api/user/dashboard/cost-preview?from=2026-09-14T15%3A00%3A00.000Z&to=2026-09-21T06%3A31%3A58.810Z&group_by=day&time_zone=Asia%2FSeoul&limit=200:0
[  441358ms] [ERROR] Failed to load resource: the server responded with a status of 401 () @ https://cbt.morphfactory.io/api/user/dashboard/api-keys?limit=200:0
[  441359ms] [ERROR] Failed to load resource: the server responded with a status of 401 () @ https://cbt.morphfactory.io/api/user/dashboard:0
[  441373ms] [ERROR] Failed to load resource: the server responded with a status of 405 () @ https://cbt.morphfactory.io/api/user/account?from=2026-09-14T15%3A00%3A00.000Z&to=2026-09-21T06%3A31%3A58.810Z:0
[  471352ms] [ERROR] Failed to load resource: the server responded with a status of 401 () @ https://cbt.morphfactory.io/api/user/dashboard/usage?from=2026-09-14T15%3A00%3A00.000Z&to=2026-09-21T06%3A32%3A28.809Z&time_zone=Asia%2FSeoul&limit=31:0
[  471353ms] [ERROR] Failed to load resource: the server responded with a status of 401 () @ https://cbt.morphfactory.io/api/user/dashboard/cost-preview?from=2026-09-14T15%3A00%3A00.000Z&to=2026-09-21T06%3A32%3A28.809Z&group_by=day&time_zone=Asia%2FSeoul&limit=200:0
[  471353ms] [ERROR] Failed to load resource: the server responded with a status of 502 () @ https://cbt.morphfactory.io/api/user/funding:0
[  471360ms] [ERROR] Failed to load resource: the server responded with a status of 401 () @ https://cbt.morphfactory.io/api/user/dashboard/api-keys?limit=200:0
[  471361ms] [ERROR] Failed to load resource: the server responded with a status of 401 () @ https://cbt.morphfactory.io/api/user/dashboard:0
[  471365ms] [ERROR] Failed to load resource: the server responded with a status of 405 () @ https://cbt.morphfactory.io/api/user/account?from=2026-09-14T15%3A00%3A00.000Z&to=2026-09-21T06%3A32%3A28.809Z:0
[  501360ms] [ERROR] Failed to load resource: the server responded with a status of 401 () @ https://cbt.morphfactory.io/api/user/dashboard/usage?from=2026-09-14T15%3A00%3A00.000Z&to=2026-09-21T06%3A32%3A58.810Z&time_zone=Asia%2FSeoul&limit=31:0
[  501361ms] [ERROR] Failed to load resource: the server responded with a status of 401 () @ https://cbt.morphfactory.io/api/user/dashboard/cost-preview?from=2026-09-14T15%3A00%3A00.000Z&to=2026-09-21T06%3A32%3A58.810Z&group_by=day&time_zone=Asia%2FSeoul&limit=200:0
[  501362ms] [ERROR] Failed to load resource: the server responded with a status of 401 () @ https://cbt.morphfactory.io/api/user/dashboard/api-keys?limit=200:0
[  501362ms] [ERROR] Failed to load resource: the server responded with a status of 502 () @ https://cbt.morphfactory.io/api/user/funding:0
[  501363ms] [ERROR] Failed to load resource: the server responded with a status of 401 () @ https://cbt.morphfactory.io/api/user/dashboard:0
[  501364ms] [ERROR] Failed to load resource: the server responded with a status of 405 () @ https://cbt.morphfactory.io/api/user/account?from=2026-09-14T15%3A00%3A00.000Z&to=2026-09-21T06%3A32%3A58.810Z:0
[  531356ms] [ERROR] Failed to load resource: the server responded with a status of 401 () @ https://cbt.morphfactory.io/api/user/dashboard/usage?from=2026-09-14T15%3A00%3A00.000Z&to=2026-09-21T06%3A33%3A28.810Z&time_zone=Asia%2FSeoul&limit=31:0
[  531356ms] [ERROR] Failed to load resource: the server responded with a status of 401 () @ https://cbt.morphfactory.io/api/user/dashboard/cost-preview?from=2026-09-14T15%3A00%3A00.000Z&to=2026-09-21T06%3A33%3A28.810Z&group_by=day&time_zone=Asia%2FSeoul&limit=200:0
[  531357ms] [ERROR] Failed to load resource: the server responded with a status of 502 () @ https://cbt.morphfactory.io/api/user/funding:0
[  531361ms] [ERROR] Failed to load resource: the server responded with a status of 401 () @ https://cbt.morphfactory.io/api/user/dashboard:0
[  531364ms] [ERROR] Failed to load resource: the server responded with a status of 401 () @ https://cbt.morphfactory.io/api/user/dashboard/api-keys?limit=200:0
[  531364ms] [ERROR] Failed to load resource: the server responded with a status of 405 () @ https://cbt.morphfactory.io/api/user/account?from=2026-09-14T15%3A00%3A00.000Z&to=2026-09-21T06%3A33%3A28.810Z:0
[  561351ms] [ERROR] Failed to load resource: the server responded with a status of 401 () @ https://cbt.morphfactory.io/api/user/dashboard/usage?from=2026-09-14T15%3A00%3A00.000Z&to=2026-09-21T06%3A33%3A58.809Z&time_zone=Asia%2FSeoul&limit=31:0
[  561352ms] [ERROR] Failed to load resource: the server responded with a status of 401 () @ https://cbt.morphfactory.io/api/user/dashboard/cost-preview?from=2026-09-14T15%3A00%3A00.000Z&to=2026-09-21T06%3A33%3A58.809Z&group_by=day&time_zone=Asia%2FSeoul&limit=200:0
[  561352ms] [ERROR] Failed to load resource: the server responded with a status of 502 () @ https://cbt.morphfactory.io/api/user/funding:0
[  561354ms] [ERROR] Failed to load resource: the server responded with a status of 401 () @ https://cbt.morphfactory.io/api/user/dashboard:0
[  561354ms] [ERROR] Failed to load resource: the server responded with a status of 401 () @ https://cbt.morphfactory.io/api/user/dashboard/api-keys?limit=200:0
[  561358ms] [ERROR] Failed to load resource: the server responded with a status of 405 () @ https://cbt.morphfactory.io/api/user/account?from=2026-09-14T15%3A00%3A00.000Z&to=2026-09-21T06%3A33%3A58.809Z:0
[  591381ms] [ERROR] Failed to load resource: the server responded with a status of 401 () @ https://cbt.morphfactory.io/api/user/dashboard/usage?from=2026-09-14T15%3A00%3A00.000Z&to=2026-09-21T06%3A34%3A28.811Z&time_zone=Asia%2FSeoul&limit=31:0
[  591382ms] [ERROR] Failed to load resource: the server responded with a status of 401 () @ https://cbt.morphfactory.io/api/user/dashboard/cost-preview?from=2026-09-14T15%3A00%3A00.000Z&to=2026-09-21T06%3A34%3A28.811Z&group_by=day&time_zone=Asia%2FSeoul&limit=200:0
[  591382ms] [ERROR] Failed to load resource: the server responded with a status of 502 () @ https://cbt.morphfactory.io/api/user/funding:0
[  591383ms] [ERROR] Failed to load resource: the server responded with a status of 401 () @ https://cbt.morphfactory.io/api/user/dashboard/api-keys?limit=200:0
[  591383ms] [ERROR] Failed to load resource: the server responded with a status of 401 () @ https://cbt.morphfactory.io/api/user/dashboard:0
[  591386ms] [ERROR] Failed to load resource: the server responded with a status of 405 () @ https://cbt.morphfactory.io/api/user/account?from=2026-09-14T15%3A00%3A00.000Z&to=2026-09-21T06%3A34%3A28.811Z:0
[  621355ms] [ERROR] Failed to load resource: the server responded with a status of 401 () @ https://cbt.morphfactory.io/api/user/dashboard/cost-preview?from=2026-09-14T15%3A00%3A00.000Z&to=2026-09-21T06%3A34%3A58.810Z&group_by=day&time_zone=Asia%2FSeoul&limit=200:0
[  621356ms] [ERROR] Failed to load resource: the server responded with a status of 401 () @ https://cbt.morphfactory.io/api/user/dashboard/usage?from=2026-09-14T15%3A00%3A00.000Z&to=2026-09-21T06%3A34%3A58.810Z&time_zone=Asia%2FSeoul&limit=31:0
[  621356ms] [ERROR] Failed to load resource: the server responded with a status of 502 () @ https://cbt.morphfactory.io/api/user/funding:0
[  621356ms] [ERROR] Failed to load resource: the server responded with a status of 401 () @ https://cbt.morphfactory.io/api/user/dashboard:0
[  621358ms] [ERROR] Failed to load resource: the server responded with a status of 401 () @ https://cbt.morphfactory.io/api/user/dashboard/api-keys?limit=200:0
[  621365ms] [ERROR] Failed to load resource: the server responded with a status of 405 () @ https://cbt.morphfactory.io/api/user/account?from=2026-09-14T15%3A00%3A00.000Z&to=2026-09-21T06%3A34%3A58.810Z:0
[  651348ms] [ERROR] Failed to load resource: the server responded with a status of 401 () @ https://cbt.morphfactory.io/api/user/dashboard/cost-preview?from=2026-09-14T15%3A00%3A00.000Z&to=2026-09-21T06%3A35%3A28.809Z&group_by=day&time_zone=Asia%2FSeoul&limit=200:0
[  651349ms] [ERROR] Failed to load resource: the server responded with a status of 502 () @ https://cbt.morphfactory.io/api/user/funding:0
[  651350ms] [ERROR] Failed to load resource: the server responded with a status of 401 () @ https://cbt.morphfactory.io/api/user/dashboard/usage?from=2026-09-14T15%3A00%3A00.000Z&to=2026-09-21T06%3A35%3A28.809Z&time_zone=Asia%2FSeoul&limit=31:0
[  651350ms] [ERROR] Failed to load resource: the server responded with a status of 401 () @ https://cbt.morphfactory.io/api/user/dashboard/api-keys?limit=200:0
[  651351ms] [ERROR] Failed to load resource: the server responded with a status of 401 () @ https://cbt.morphfactory.io/api/user/dashboard:0
[  651361ms] [ERROR] Failed to load resource: the server responded with a status of 405 () @ https://cbt.morphfactory.io/api/user/account?from=2026-09-14T15%3A00%3A00.000Z&to=2026-09-21T06%3A35%3A28.809Z:0
[  681357ms] [ERROR] Failed to load resource: the server responded with a status of 401 () @ https://cbt.morphfactory.io/api/user/dashboard/usage?from=2026-09-14T15%3A00%3A00.000Z&to=2026-09-21T06%3A35%3A58.809Z&time_zone=Asia%2FSeoul&limit=31:0
[  681358ms] [ERROR] Failed to load resource: the server responded with a status of 502 () @ https://cbt.morphfactory.io/api/user/funding:0
[  681358ms] [ERROR] Failed to load resource: the server responded with a status of 401 () @ https://cbt.morphfactory.io/api/user/dashboard/cost-preview?from=2026-09-14T15%3A00%3A00.000Z&to=2026-09-21T06%3A35%3A58.809Z&group_by=day&time_zone=Asia%2FSeoul&limit=200:0
[  681359ms] [ERROR] Failed to load resource: the server responded with a status of 401 () @ https://cbt.morphfactory.io/api/user/dashboard/api-keys?limit=200:0
[  681359ms] [ERROR] Failed to load resource: the server responded with a status of 401 () @ https://cbt.morphfactory.io/api/user/dashboard:0
[  681363ms] [ERROR] Failed to load resource: the server responded with a status of 405 () @ https://cbt.morphfactory.io/api/user/account?from=2026-09-14T15%3A00%3A00.000Z&to=2026-09-21T06%3A35%3A58.809Z:0
[  711363ms] [ERROR] Failed to load resource: the server responded with a status of 401 () @ https://cbt.morphfactory.io/api/user/dashboard/cost-preview?from=2026-09-14T15%3A00%3A00.000Z&to=2026-09-21T06%3A36%3A28.809Z&group_by=day&time_zone=Asia%2FSeoul&limit=200:0
[  711364ms] [ERROR] Failed to load resource: the server responded with a status of 401 () @ https://cbt.morphfactory.io/api/user/dashboard/usage?from=2026-09-14T15%3A00%3A00.000Z&to=2026-09-21T06%3A36%3A28.809Z&time_zone=Asia%2FSeoul&limit=31:0
[  711367ms] [ERROR] Failed to load resource: the server responded with a status of 502 () @ https://cbt.morphfactory.io/api/user/funding:0
[  711367ms] [ERROR] Failed to load resource: the server responded with a status of 401 () @ https://cbt.morphfactory.io/api/user/dashboard/api-keys?limit=200:0
[  711368ms] [ERROR] Failed to load resource: the server responded with a status of 401 () @ https://cbt.morphfactory.io/api/user/dashboard:0
[  711378ms] [ERROR] Failed to load resource: the server responded with a status of 405 () @ https://cbt.morphfactory.io/api/user/account?from=2026-09-14T15%3A00%3A00.000Z&to=2026-09-21T06%3A36%3A28.809Z:0
[  741350ms] [ERROR] Failed to load resource: the server responded with a status of 401 () @ https://cbt.morphfactory.io/api/user/dashboard/usage?from=2026-09-14T15%3A00%3A00.000Z&to=2026-09-21T06%3A36%3A58.809Z&time_zone=Asia%2FSeoul&limit=31:0
[  741351ms] [ERROR] Failed to load resource: the server responded with a status of 401 () @ https://cbt.morphfactory.io/api/user/dashboard/cost-preview?from=2026-09-14T15%3A00%3A00.000Z&to=2026-09-21T06%3A36%3A58.809Z&group_by=day&time_zone=Asia%2FSeoul&limit=200:0
[  741352ms] [ERROR] Failed to load resource: the server responded with a status of 502 () @ https://cbt.morphfactory.io/api/user/funding:0
[  741355ms] [ERROR] Failed to load resource: the server responded with a status of 401 () @ https://cbt.morphfactory.io/api/user/dashboard/api-keys?limit=200:0
[  741355ms] [ERROR] Failed to load resource: the server responded with a status of 401 () @ https://cbt.morphfactory.io/api/user/dashboard:0
[  741359ms] [ERROR] Failed to load resource: the server responded with a status of 405 () @ https://cbt.morphfactory.io/api/user/account?from=2026-09-14T15%3A00%3A00.000Z&to=2026-09-21T06%3A36%3A58.809Z:0
[  771360ms] [ERROR] Failed to load resource: the server responded with a status of 401 () @ https://cbt.morphfactory.io/api/user/dashboard/usage?from=2026-09-14T15%3A00%3A00.000Z&to=2026-09-21T06%3A37%3A28.811Z&time_zone=Asia%2FSeoul&limit=31:0
[  771360ms] [ERROR] Failed to load resource: the server responded with a status of 401 () @ https://cbt.morphfactory.io/api/user/dashboard/cost-preview?from=2026-09-14T15%3A00%3A00.000Z&to=2026-09-21T06%3A37%3A28.811Z&group_by=day&time_zone=Asia%2FSeoul&limit=200:0
[  771361ms] [ERROR] Failed to load resource: the server responded with a status of 502 () @ https://cbt.morphfactory.io/api/user/funding:0
[  771363ms] [ERROR] Failed to load resource: the server responded with a status of 401 () @ https://cbt.morphfactory.io/api/user/dashboard:0
[  771365ms] [ERROR] Failed to load resource: the server responded with a status of 401 () @ https://cbt.morphfactory.io/api/user/dashboard/api-keys?limit=200:0
[  771369ms] [ERROR] Failed to load resource: the server responded with a status of 405 () @ https://cbt.morphfactory.io/api/user/account?from=2026-09-14T15%3A00%3A00.000Z&to=2026-09-21T06%3A37%3A28.811Z:0
[  801381ms] [ERROR] Failed to load resource: the server responded with a status of 401 () @ https://cbt.morphfactory.io/api/user/dashboard/usage?from=2026-09-14T15%3A00%3A00.000Z&to=2026-09-21T06%3A37%3A58.809Z&time_zone=Asia%2FSeoul&limit=31:0
[  801381ms] [ERROR] Failed to load resource: the server responded with a status of 401 () @ https://cbt.morphfactory.io/api/user/dashboard/cost-preview?from=2026-09-14T15%3A00%3A00.000Z&to=2026-09-21T06%3A37%3A58.809Z&group_by=day&time_zone=Asia%2FSeoul&limit=200:0
[  801381ms] [ERROR] Failed to load resource: the server responded with a status of 401 () @ https://cbt.morphfactory.io/api/user/dashboard/api-keys?limit=200:0
[  801387ms] [ERROR] Failed to load resource: the server responded with a status of 502 () @ https://cbt.morphfactory.io/api/user/funding:0
[  801387ms] [ERROR] Failed to load resource: the server responded with a status of 401 () @ https://cbt.morphfactory.io/api/user/dashboard:0
[  801400ms] [ERROR] Failed to load resource: the server responded with a status of 405 () @ https://cbt.morphfactory.io/api/user/account?from=2026-09-14T15%3A00%3A00.000Z&to=2026-09-21T06%3A37%3A58.809Z:0
[  831359ms] [ERROR] Failed to load resource: the server responded with a status of 401 () @ https://cbt.morphfactory.io/api/user/dashboard/usage?from=2026-09-14T15%3A00%3A00.000Z&to=2026-09-21T06%3A38%3A28.809Z&time_zone=Asia%2FSeoul&limit=31:0
[  831359ms] [ERROR] Failed to load resource: the server responded with a status of 401 () @ https://cbt.morphfactory.io/api/user/dashboard/cost-preview?from=2026-09-14T15%3A00%3A00.000Z&to=2026-09-21T06%3A38%3A28.809Z&group_by=day&time_zone=Asia%2FSeoul&limit=200:0
[  831362ms] [ERROR] Failed to load resource: the server responded with a status of 502 () @ https://cbt.morphfactory.io/api/user/funding:0
[  831363ms] [ERROR] Failed to load resource: the server responded with a status of 401 () @ https://cbt.morphfactory.io/api/user/dashboard/api-keys?limit=200:0
[  831363ms] [ERROR] Failed to load resource: the server responded with a status of 401 () @ https://cbt.morphfactory.io/api/user/dashboard:0
[  831369ms] [ERROR] Failed to load resource: the server responded with a status of 405 () @ https://cbt.morphfactory.io/api/user/account?from=2026-09-14T15%3A00%3A00.000Z&to=2026-09-21T06%3A38%3A28.809Z:0
[  861352ms] [ERROR] Failed to load resource: the server responded with a status of 401 () @ https://cbt.morphfactory.io/api/user/dashboard/usage?from=2026-09-14T15%3A00%3A00.000Z&to=2026-09-21T06%3A38%3A58.809Z&time_zone=Asia%2FSeoul&limit=31:0
[  861352ms] [ERROR] Failed to load resource: the server responded with a status of 401 () @ https://cbt.morphfactory.io/api/user/dashboard/cost-preview?from=2026-09-14T15%3A00%3A00.000Z&to=2026-09-21T06%3A38%3A58.809Z&group_by=day&time_zone=Asia%2FSeoul&limit=200:0
[  861352ms] [ERROR] Failed to load resource: the server responded with a status of 502 () @ https://cbt.morphfactory.io/api/user/funding:0
[  861353ms] [ERROR] Failed to load resource: the server responded with a status of 401 () @ https://cbt.morphfactory.io/api/user/dashboard:0
[  861354ms] [ERROR] Failed to load resource: the server responded with a status of 401 () @ https://cbt.morphfactory.io/api/user/dashboard/api-keys?limit=200:0
[  861361ms] [ERROR] Failed to load resource: the server responded with a status of 405 () @ https://cbt.morphfactory.io/api/user/account?from=2026-09-14T15%3A00%3A00.000Z&to=2026-09-21T06%3A38%3A58.809Z:0
[  891359ms] [ERROR] Failed to load resource: the server responded with a status of 401 () @ https://cbt.morphfactory.io/api/user/dashboard/usage?from=2026-09-14T15%3A00%3A00.000Z&to=2026-09-21T06%3A39%3A28.810Z&time_zone=Asia%2FSeoul&limit=31:0
[  891361ms] [ERROR] Failed to load resource: the server responded with a status of 401 () @ https://cbt.morphfactory.io/api/user/dashboard/cost-preview?from=2026-09-14T15%3A00%3A00.000Z&to=2026-09-21T06%3A39%3A28.810Z&group_by=day&time_zone=Asia%2FSeoul&limit=200:0
[  891362ms] [ERROR] Failed to load resource: the server responded with a status of 502 () @ https://cbt.morphfactory.io/api/user/funding:0
[  891362ms] [ERROR] Failed to load resource: the server responded with a status of 401 () @ https://cbt.morphfactory.io/api/user/dashboard:0
[  891362ms] [ERROR] Failed to load resource: the server responded with a status of 401 () @ https://cbt.morphfactory.io/api/user/dashboard/api-keys?limit=200:0
[  891366ms] [ERROR] Failed to load resource: the server responded with a status of 405 () @ https://cbt.morphfactory.io/api/user/account?from=2026-09-14T15%3A00%3A00.000Z&to=2026-09-21T06%3A39%3A28.810Z:0
[  921423ms] [ERROR] Failed to load resource: the server responded with a status of 401 () @ https://cbt.morphfactory.io/api/user/dashboard/cost-preview?from=2026-09-14T15%3A00%3A00.000Z&to=2026-09-21T06%3A39%3A58.809Z&group_by=day&time_zone=Asia%2FSeoul&limit=200:0
[  921423ms] [ERROR] Failed to load resource: the server responded with a status of 401 () @ https://cbt.morphfactory.io/api/user/dashboard/usage?from=2026-09-14T15%3A00%3A00.000Z&to=2026-09-21T06%3A39%3A58.809Z&time_zone=Asia%2FSeoul&limit=31:0
[  921423ms] [ERROR] Failed to load resource: the server responded with a status of 502 () @ https://cbt.morphfactory.io/api/user/funding:0
[  921425ms] [ERROR] Failed to load resource: the server responded with a status of 401 () @ https://cbt.morphfactory.io/api/user/dashboard/api-keys?limit=200:0
[  921425ms] [ERROR] Failed to load resource: the server responded with a status of 401 () @ https://cbt.morphfactory.io/api/user/dashboard:0
[  921426ms] [ERROR] Failed to load resource: the server responded with a status of 405 () @ https://cbt.morphfactory.io/api/user/account?from=2026-09-14T15%3A00%3A00.000Z&to=2026-09-21T06%3A39%3A58.809Z:0
[  951359ms] [ERROR] Failed to load resource: the server responded with a status of 401 () @ https://cbt.morphfactory.io/api/user/dashboard/usage?from=2026-09-14T15%3A00%3A00.000Z&to=2026-09-21T06%3A40%3A28.808Z&time_zone=Asia%2FSeoul&limit=31:0
[  951362ms] [ERROR] Failed to load resource: the server responded with a status of 502 () @ https://cbt.morphfactory.io/api/user/funding:0
[  951362ms] [ERROR] Failed to load resource: the server responded with a status of 401 () @ https://cbt.morphfactory.io/api/user/dashboard/cost-preview?from=2026-09-14T15%3A00%3A00.000Z&to=2026-09-21T06%3A40%3A28.808Z&group_by=day&time_zone=Asia%2FSeoul&limit=200:0
[  951363ms] [ERROR] Failed to load resource: the server responded with a status of 401 () @ https://cbt.morphfactory.io/api/user/dashboard/api-keys?limit=200:0
[  951366ms] [ERROR] Failed to load resource: the server responded with a status of 401 () @ https://cbt.morphfactory.io/api/user/dashboard:0
[  951368ms] [ERROR] Failed to load resource: the server responded with a status of 405 () @ https://cbt.morphfactory.io/api/user/account?from=2026-09-14T15%3A00%3A00.000Z&to=2026-09-21T06%3A40%3A28.808Z:0
[  981358ms] [ERROR] Failed to load resource: the server responded with a status of 401 () @ https://cbt.morphfactory.io/api/user/dashboard/usage?from=2026-09-14T15%3A00%3A00.000Z&to=2026-09-21T06%3A40%3A58.809Z&time_zone=Asia%2FSeoul&limit=31:0
[  981359ms] [ERROR] Failed to load resource: the server responded with a status of 401 () @ https://cbt.morphfactory.io/api/user/dashboard/cost-preview?from=2026-09-14T15%3A00%3A00.000Z&to=2026-09-21T06%3A40%3A58.809Z&group_by=day&time_zone=Asia%2FSeoul&limit=200:0
[  981359ms] [ERROR] Failed to load resource: the server responded with a status of 502 () @ https://cbt.morphfactory.io/api/user/funding:0
[  981360ms] [ERROR] Failed to load resource: the server responded with a status of 401 () @ https://cbt.morphfactory.io/api/user/dashboard/api-keys?limit=200:0
[  981360ms] [ERROR] Failed to load resource: the server responded with a status of 401 () @ https://cbt.morphfactory.io/api/user/dashboard:0
[  981374ms] [ERROR] Failed to load resource: the server responded with a status of 405 () @ https://cbt.morphfactory.io/api/user/account?from=2026-09-14T15%3A00%3A00.000Z&to=2026-09-21T06%3A40%3A58.809Z:0
[ 1011367ms] [ERROR] Failed to load resource: the server responded with a status of 401 () @ https://cbt.morphfactory.io/api/user/dashboard/usage?from=2026-09-14T15%3A00%3A00.000Z&to=2026-09-21T06%3A41%3A28.809Z&time_zone=Asia%2FSeoul&limit=31:0
[ 1011367ms] [ERROR] Failed to load resource: the server responded with a status of 401 () @ https://cbt.morphfactory.io/api/user/dashboard/cost-preview?from=2026-09-14T15%3A00%3A00.000Z&to=2026-09-21T06%3A41%3A28.809Z&group_by=day&time_zone=Asia%2FSeoul&limit=200:0
[ 1011367ms] [ERROR] Failed to load resource: the server responded with a status of 502 () @ https://cbt.morphfactory.io/api/user/funding:0
[ 1011368ms] [ERROR] Failed to load resource: the server responded with a status of 401 () @ https://cbt.morphfactory.io/api/user/dashboard/api-keys?limit=200:0
[ 1011368ms] [ERROR] Failed to load resource: the server responded with a status of 401 () @ https://cbt.morphfactory.io/api/user/dashboard:0
[ 1011388ms] [ERROR] Failed to load resource: the server responded with a status of 405 () @ https://cbt.morphfactory.io/api/user/account?from=2026-09-14T15%3A00%3A00.000Z&to=2026-09-21T06%3A41%3A28.809Z:0
[ 1041362ms] [ERROR] Failed to load resource: the server responded with a status of 401 () @ https://cbt.morphfactory.io/api/user/dashboard/usage?from=2026-09-14T15%3A00%3A00.000Z&to=2026-09-21T06%3A41%3A58.809Z&time_zone=Asia%2FSeoul&limit=31:0
[ 1041367ms] [ERROR] Failed to load resource: the server responded with a status of 401 () @ https://cbt.morphfactory.io/api/user/dashboard/cost-preview?from=2026-09-14T15%3A00%3A00.000Z&to=2026-09-21T06%3A41%3A58.809Z&group_by=day&time_zone=Asia%2FSeoul&limit=200:0
[ 1041369ms] [ERROR] Failed to load resource: the server responded with a status of 502 () @ https://cbt.morphfactory.io/api/user/funding:0
[ 1041369ms] [ERROR] Failed to load resource: the server responded with a status of 401 () @ https://cbt.morphfactory.io/api/user/dashboard/api-keys?limit=200:0
[ 1041375ms] [ERROR] Failed to load resource: the server responded with a status of 401 () @ https://cbt.morphfactory.io/api/user/dashboard:0
[ 1041379ms] [ERROR] Failed to load resource: the server responded with a status of 405 () @ https://cbt.morphfactory.io/api/user/account?from=2026-09-14T15%3A00%3A00.000Z&to=2026-09-21T06%3A41%3A58.809Z:0
[ 1071351ms] [ERROR] Failed to load resource: the server responded with a status of 401 () @ https://cbt.morphfactory.io/api/user/dashboard/cost-preview?from=2026-09-14T15%3A00%3A00.000Z&to=2026-09-21T06%3A42%3A28.808Z&group_by=day&time_zone=Asia%2FSeoul&limit=200:0
[ 1071351ms] [ERROR] Failed to load resource: the server responded with a status of 401 () @ https://cbt.morphfactory.io/api/user/dashboard/usage?from=2026-09-14T15%3A00%3A00.000Z&to=2026-09-21T06%3A42%3A28.808Z&time_zone=Asia%2FSeoul&limit=31:0
[ 1071351ms] [ERROR] Failed to load resource: the server responded with a status of 502 () @ https://cbt.morphfactory.io/api/user/funding:0
[ 1071351ms] [ERROR] Failed to load resource: the server responded with a status of 401 () @ https://cbt.morphfactory.io/api/user/dashboard/api-keys?limit=200:0
[ 1071353ms] [ERROR] Failed to load resource: the server responded with a status of 401 () @ https://cbt.morphfactory.io/api/user/dashboard:0
[ 1071362ms] [ERROR] Failed to load resource: the server responded with a status of 405 () @ https://cbt.morphfactory.io/api/user/account?from=2026-09-14T15%3A00%3A00.000Z&to=2026-09-21T06%3A42%3A28.808Z:0
[ 1101358ms] [ERROR] Failed to load resource: the server responded with a status of 401 () @ https://cbt.morphfactory.io/api/user/dashboard/cost-preview?from=2026-09-14T15%3A00%3A00.000Z&to=2026-09-21T06%3A42%3A58.810Z&group_by=day&time_zone=Asia%2FSeoul&limit=200:0
[ 1101359ms] [ERROR] Failed to load resource: the server responded with a status of 401 () @ https://cbt.morphfactory.io/api/user/dashboard/usage?from=2026-09-14T15%3A00%3A00.000Z&to=2026-09-21T06%3A42%3A58.810Z&time_zone=Asia%2FSeoul&limit=31:0
[ 1101359ms] [ERROR] Failed to load resource: the server responded with a status of 502 () @ https://cbt.morphfactory.io/api/user/funding:0
[ 1101360ms] [ERROR] Failed to load resource: the server responded with a status of 401 () @ https://cbt.morphfactory.io/api/user/dashboard:0
[ 1101361ms] [ERROR] Failed to load resource: the server responded with a status of 401 () @ https://cbt.morphfactory.io/api/user/dashboard/api-keys?limit=200:0
[ 1101375ms] [ERROR] Failed to load resource: the server responded with a status of 405 () @ https://cbt.morphfactory.io/api/user/account?from=2026-09-14T15%3A00%3A00.000Z&to=2026-09-21T06%3A42%3A58.810Z:0
[ 1131359ms] [ERROR] Failed to load resource: the server responded with a status of 401 () @ https://cbt.morphfactory.io/api/user/dashboard/usage?from=2026-09-14T15%3A00%3A00.000Z&to=2026-09-21T06%3A43%3A28.809Z&time_zone=Asia%2FSeoul&limit=31:0
[ 1131359ms] [ERROR] Failed to load resource: the server responded with a status of 502 () @ https://cbt.morphfactory.io/api/user/funding:0
[ 1131359ms] [ERROR] Failed to load resource: the server responded with a status of 401 () @ https://cbt.morphfactory.io/api/user/dashboard/cost-preview?from=2026-09-14T15%3A00%3A00.000Z&to=2026-09-21T06%3A43%3A28.809Z&group_by=day&time_zone=Asia%2FSeoul&limit=200:0
[ 1131360ms] [ERROR] Failed to load resource: the server responded with a status of 401 () @ https://cbt.morphfactory.io/api/user/dashboard/api-keys?limit=200:0
[ 1131373ms] [ERROR] Failed to load resource: the server responded with a status of 401 () @ https://cbt.morphfactory.io/api/user/dashboard:0
[ 1131377ms] [ERROR] Failed to load resource: the server responded with a status of 405 () @ https://cbt.morphfactory.io/api/user/account?from=2026-09-14T15%3A00%3A00.000Z&to=2026-09-21T06%3A43%3A28.809Z:0
[ 1161356ms] [ERROR] Failed to load resource: the server responded with a status of 401 () @ https://cbt.morphfactory.io/api/user/dashboard/usage?from=2026-09-14T15%3A00%3A00.000Z&to=2026-09-21T06%3A43%3A58.808Z&time_zone=Asia%2FSeoul&limit=31:0
[ 1161357ms] [ERROR] Failed to load resource: the server responded with a status of 401 () @ https://cbt.morphfactory.io/api/user/dashboard/cost-preview?from=2026-09-14T15%3A00%3A00.000Z&to=2026-09-21T06%3A43%3A58.808Z&group_by=day&time_zone=Asia%2FSeoul&limit=200:0
[ 1161363ms] [ERROR] Failed to load resource: the server responded with a status of 502 () @ https://cbt.morphfactory.io/api/user/funding:0
[ 1161369ms] [ERROR] Failed to load resource: the server responded with a status of 401 () @ https://cbt.morphfactory.io/api/user/dashboard:0
[ 1161369ms] [ERROR] Failed to load resource: the server responded with a status of 401 () @ https://cbt.morphfactory.io/api/user/dashboard/api-keys?limit=200:0
[ 1161381ms] [ERROR] Failed to load resource: the server responded with a status of 405 () @ https://cbt.morphfactory.io/api/user/account?from=2026-09-14T15%3A00%3A00.000Z&to=2026-09-21T06%3A43%3A58.808Z:0
[ 1191359ms] [ERROR] Failed to load resource: the server responded with a status of 401 () @ https://cbt.morphfactory.io/api/user/dashboard/usage?from=2026-09-14T15%3A00%3A00.000Z&to=2026-09-21T06%3A44%3A28.809Z&time_zone=Asia%2FSeoul&limit=31:0
[ 1191360ms] [ERROR] Failed to load resource: the server responded with a status of 401 () @ https://cbt.morphfactory.io/api/user/dashboard/cost-preview?from=2026-09-14T15%3A00%3A00.000Z&to=2026-09-21T06%3A44%3A28.809Z&group_by=day&time_zone=Asia%2FSeoul&limit=200:0
[ 1191364ms] [ERROR] Failed to load resource: the server responded with a status of 502 () @ https://cbt.morphfactory.io/api/user/funding:0
[ 1191366ms] [ERROR] Failed to load resource: the server responded with a status of 401 () @ https://cbt.morphfactory.io/api/user/dashboard/api-keys?limit=200:0
[ 1191366ms] [ERROR] Failed to load resource: the server responded with a status of 401 () @ https://cbt.morphfactory.io/api/user/dashboard:0
[ 1191372ms] [ERROR] Failed to load resource: the server responded with a status of 405 () @ https://cbt.morphfactory.io/api/user/account?from=2026-09-14T15%3A00%3A00.000Z&to=2026-09-21T06%3A44%3A28.809Z:0
[ 1221354ms] [ERROR] Failed to load resource: the server responded with a status of 401 () @ https://cbt.morphfactory.io/api/user/dashboard/usage?from=2026-09-14T15%3A00%3A00.000Z&to=2026-09-21T06%3A44%3A58.808Z&time_zone=Asia%2FSeoul&limit=31:0
[ 1221354ms] [ERROR] Failed to load resource: the server responded with a status of 502 () @ https://cbt.morphfactory.io/api/user/funding:0
[ 1221355ms] [ERROR] Failed to load resource: the server responded with a status of 401 () @ https://cbt.morphfactory.io/api/user/dashboard/cost-preview?from=2026-09-14T15%3A00%3A00.000Z&to=2026-09-21T06%3A44%3A58.808Z&group_by=day&time_zone=Asia%2FSeoul&limit=200:0
[ 1221356ms] [ERROR] Failed to load resource: the server responded with a status of 401 () @ https://cbt.morphfactory.io/api/user/dashboard/api-keys?limit=200:0
[ 1221361ms] [ERROR] Failed to load resource: the server responded with a status of 401 () @ https://cbt.morphfactory.io/api/user/dashboard:0
[ 1221362ms] [ERROR] Failed to load resource: the server responded with a status of 405 () @ https://cbt.morphfactory.io/api/user/account?from=2026-09-14T15%3A00%3A00.000Z&to=2026-09-21T06%3A44%3A58.808Z:0
[ 1251355ms] [ERROR] Failed to load resource: the server responded with a status of 401 () @ https://cbt.morphfactory.io/api/user/dashboard/usage?from=2026-09-14T15%3A00%3A00.000Z&to=2026-09-21T06%3A45%3A28.809Z&time_zone=Asia%2FSeoul&limit=31:0
[ 1251356ms] [ERROR] Failed to load resource: the server responded with a status of 401 () @ https://cbt.morphfactory.io/api/user/dashboard/cost-preview?from=2026-09-14T15%3A00%3A00.000Z&to=2026-09-21T06%3A45%3A28.809Z&group_by=day&time_zone=Asia%2FSeoul&limit=200:0
[ 1251358ms] [ERROR] Failed to load resource: the server responded with a status of 502 () @ https://cbt.morphfactory.io/api/user/funding:0
[ 1251358ms] [ERROR] Failed to load resource: the server responded with a status of 401 () @ https://cbt.morphfactory.io/api/user/dashboard:0
[ 1251360ms] [ERROR] Failed to load resource: the server responded with a status of 401 () @ https://cbt.morphfactory.io/api/user/dashboard/api-keys?limit=200:0
[ 1251372ms] [ERROR] Failed to load resource: the server responded with a status of 405 () @ https://cbt.morphfactory.io/api/user/account?from=2026-09-14T15%3A00%3A00.000Z&to=2026-09-21T06%3A45%3A28.809Z:0
[ 1281358ms] [ERROR] Failed to load resource: the server responded with a status of 401 () @ https://cbt.morphfactory.io/api/user/dashboard/usage?from=2026-09-14T15%3A00%3A00.000Z&to=2026-09-21T06%3A45%3A58.809Z&time_zone=Asia%2FSeoul&limit=31:0
[ 1281358ms] [ERROR] Failed to load resource: the server responded with a status of 502 () @ https://cbt.morphfactory.io/api/user/funding:0
[ 1281359ms] [ERROR] Failed to load resource: the server responded with a status of 401 () @ https://cbt.morphfactory.io/api/user/dashboard/cost-preview?from=2026-09-14T15%3A00%3A00.000Z&to=2026-09-21T06%3A45%3A58.809Z&group_by=day&time_zone=Asia%2FSeoul&limit=200:0
[ 1281360ms] [ERROR] Failed to load resource: the server responded with a status of 401 () @ https://cbt.morphfactory.io/api/user/dashboard/api-keys?limit=200:0
[ 1281362ms] [ERROR] Failed to load resource: the server responded with a status of 401 () @ https://cbt.morphfactory.io/api/user/dashboard:0
[ 1281366ms] [ERROR] Failed to load resource: the server responded with a status of 405 () @ https://cbt.morphfactory.io/api/user/account?from=2026-09-14T15%3A00%3A00.000Z&to=2026-09-21T06%3A45%3A58.809Z:0
[ 1311356ms] [ERROR] Failed to load resource: the server responded with a status of 401 () @ https://cbt.morphfactory.io/api/user/dashboard/usage?from=2026-09-14T15%3A00%3A00.000Z&to=2026-09-21T06%3A46%3A28.809Z&time_zone=Asia%2FSeoul&limit=31:0
[ 1311356ms] [ERROR] Failed to load resource: the server responded with a status of 401 () @ https://cbt.morphfactory.io/api/user/dashboard/cost-preview?from=2026-09-14T15%3A00%3A00.000Z&to=2026-09-21T06%3A46%3A28.809Z&group_by=day&time_zone=Asia%2FSeoul&limit=200:0
[ 1311357ms] [ERROR] Failed to load resource: the server responded with a status of 502 () @ https://cbt.morphfactory.io/api/user/funding:0
[ 1311359ms] [ERROR] Failed to load resource: the server responded with a status of 401 () @ https://cbt.morphfactory.io/api/user/dashboard/api-keys?limit=200:0
[ 1311360ms] [ERROR] Failed to load resource: the server responded with a status of 401 () @ https://cbt.morphfactory.io/api/user/dashboard:0
[ 1311396ms] [ERROR] Failed to load resource: the server responded with a status of 405 () @ https://cbt.morphfactory.io/api/user/account?from=2026-09-14T15%3A00%3A00.000Z&to=2026-09-21T06%3A46%3A28.809Z:0
[ 1341367ms] [ERROR] Failed to load resource: the server responded with a status of 401 () @ https://cbt.morphfactory.io/api/user/dashboard/usage?from=2026-09-14T15%3A00%3A00.000Z&to=2026-09-21T06%3A46%3A58.808Z&time_zone=Asia%2FSeoul&limit=31:0
[ 1341367ms] [ERROR] Failed to load resource: the server responded with a status of 502 () @ https://cbt.morphfactory.io/api/user/funding:0
[ 1341367ms] [ERROR] Failed to load resource: the server responded with a status of 401 () @ https://cbt.morphfactory.io/api/user/dashboard/cost-preview?from=2026-09-14T15%3A00%3A00.000Z&to=2026-09-21T06%3A46%3A58.808Z&group_by=day&time_zone=Asia%2FSeoul&limit=200:0
[ 1341367ms] [ERROR] Failed to load resource: the server responded with a status of 401 () @ https://cbt.morphfactory.io/api/user/dashboard/api-keys?limit=200:0
[ 1341370ms] [ERROR] Failed to load resource: the server responded with a status of 401 () @ https://cbt.morphfactory.io/api/user/dashboard:0
[ 1341374ms] [ERROR] Failed to load resource: the server responded with a status of 405 () @ https://cbt.morphfactory.io/api/user/account?from=2026-09-14T15%3A00%3A00.000Z&to=2026-09-21T06%3A46%3A58.808Z:0
[ 1371417ms] [ERROR] Failed to load resource: the server responded with a status of 401 () @ https://cbt.morphfactory.io/api/user/dashboard/usage?from=2026-09-14T15%3A00%3A00.000Z&to=2026-09-21T06%3A47%3A28.809Z&time_zone=Asia%2FSeoul&limit=31:0
[ 1371418ms] [ERROR] Failed to load resource: the server responded with a status of 401 () @ https://cbt.morphfactory.io/api/user/dashboard/cost-preview?from=2026-09-14T15%3A00%3A00.000Z&to=2026-09-21T06%3A47%3A28.809Z&group_by=day&time_zone=Asia%2FSeoul&limit=200:0
[ 1371426ms] [ERROR] Failed to load resource: the server responded with a status of 502 () @ https://cbt.morphfactory.io/api/user/funding:0
[ 1371427ms] [ERROR] Failed to load resource: the server responded with a status of 401 () @ https://cbt.morphfactory.io/api/user/dashboard:0
[ 1371427ms] [ERROR] Failed to load resource: the server responded with a status of 401 () @ https://cbt.morphfactory.io/api/user/dashboard/api-keys?limit=200:0
[ 1371428ms] [ERROR] Failed to load resource: the server responded with a status of 405 () @ https://cbt.morphfactory.io/api/user/account?from=2026-09-14T15%3A00%3A00.000Z&to=2026-09-21T06%3A47%3A28.809Z:0
[ 1401358ms] [ERROR] Failed to load resource: the server responded with a status of 401 () @ https://cbt.morphfactory.io/api/user/dashboard/usage?from=2026-09-14T15%3A00%3A00.000Z&to=2026-09-21T06%3A47%3A58.809Z&time_zone=Asia%2FSeoul&limit=31:0
[ 1401358ms] [ERROR] Failed to load resource: the server responded with a status of 401 () @ https://cbt.morphfactory.io/api/user/dashboard/cost-preview?from=2026-09-14T15%3A00%3A00.000Z&to=2026-09-21T06%3A47%3A58.809Z&group_by=day&time_zone=Asia%2FSeoul&limit=200:0
[ 1401358ms] [ERROR] Failed to load resource: the server responded with a status of 502 () @ https://cbt.morphfactory.io/api/user/funding:0
[ 1401360ms] [ERROR] Failed to load resource: the server responded with a status of 401 () @ https://cbt.morphfactory.io/api/user/dashboard:0
[ 1401361ms] [ERROR] Failed to load resource: the server responded with a status of 401 () @ https://cbt.morphfactory.io/api/user/dashboard/api-keys?limit=200:0
[ 1401361ms] [ERROR] Failed to load resource: the server responded with a status of 405 () @ https://cbt.morphfactory.io/api/user/account?from=2026-09-14T15%3A00%3A00.000Z&to=2026-09-21T06%3A47%3A58.809Z:0
[ 1431350ms] [ERROR] Failed to load resource: the server responded with a status of 401 () @ https://cbt.morphfactory.io/api/user/dashboard/usage?from=2026-09-14T15%3A00%3A00.000Z&to=2026-09-21T06%3A48%3A28.809Z&time_zone=Asia%2FSeoul&limit=31:0
[ 1431354ms] [ERROR] Failed to load resource: the server responded with a status of 401 () @ https://cbt.morphfactory.io/api/user/dashboard/cost-preview?from=2026-09-14T15%3A00%3A00.000Z&to=2026-09-21T06%3A48%3A28.809Z&group_by=day&time_zone=Asia%2FSeoul&limit=200:0
[ 1431354ms] [ERROR] Failed to load resource: the server responded with a status of 502 () @ https://cbt.morphfactory.io/api/user/funding:0
[ 1431354ms] [ERROR] Failed to load resource: the server responded with a status of 401 () @ https://cbt.morphfactory.io/api/user/dashboard/api-keys?limit=200:0
[ 1431356ms] [ERROR] Failed to load resource: the server responded with a status of 401 () @ https://cbt.morphfactory.io/api/user/dashboard:0
[ 1431362ms] [ERROR] Failed to load resource: the server responded with a status of 405 () @ https://cbt.morphfactory.io/api/user/account?from=2026-09-14T15%3A00%3A00.000Z&to=2026-09-21T06%3A48%3A28.809Z:0
[ 1461351ms] [ERROR] Failed to load resource: the server responded with a status of 401 () @ https://cbt.morphfactory.io/api/user/dashboard/usage?from=2026-09-14T15%3A00%3A00.000Z&to=2026-09-21T06%3A48%3A58.808Z&time_zone=Asia%2FSeoul&limit=31:0
[ 1461351ms] [ERROR] Failed to load resource: the server responded with a status of 401 () @ https://cbt.morphfactory.io/api/user/dashboard/cost-preview?from=2026-09-14T15%3A00%3A00.000Z&to=2026-09-21T06%3A48%3A58.808Z&group_by=day&time_zone=Asia%2FSeoul&limit=200:0
[ 1461357ms] [ERROR] Failed to load resource: the server responded with a status of 502 () @ https://cbt.morphfactory.io/api/user/funding:0
[ 1461357ms] [ERROR] Failed to load resource: the server responded with a status of 401 () @ https://cbt.morphfactory.io/api/user/dashboard/api-keys?limit=200:0
[ 1461358ms] [ERROR] Failed to load resource: the server responded with a status of 401 () @ https://cbt.morphfactory.io/api/user/dashboard:0
[ 1461385ms] [ERROR] Failed to load resource: the server responded with a status of 405 () @ https://cbt.morphfactory.io/api/user/account?from=2026-09-14T15%3A00%3A00.000Z&to=2026-09-21T06%3A48%3A58.808Z:0
[ 1491351ms] [ERROR] Failed to load resource: the server responded with a status of 401 () @ https://cbt.morphfactory.io/api/user/dashboard/usage?from=2026-09-14T15%3A00%3A00.000Z&to=2026-09-21T06%3A49%3A28.809Z&time_zone=Asia%2FSeoul&limit=31:0
[ 1491352ms] [ERROR] Failed to load resource: the server responded with a status of 401 () @ https://cbt.morphfactory.io/api/user/dashboard/cost-preview?from=2026-09-14T15%3A00%3A00.000Z&to=2026-09-21T06%3A49%3A28.809Z&group_by=day&time_zone=Asia%2FSeoul&limit=200:0
[ 1491352ms] [ERROR] Failed to load resource: the server responded with a status of 502 () @ https://cbt.morphfactory.io/api/user/funding:0
[ 1491353ms] [ERROR] Failed to load resource: the server responded with a status of 401 () @ https://cbt.morphfactory.io/api/user/dashboard/api-keys?limit=200:0
[ 1491354ms] [ERROR] Failed to load resource: the server responded with a status of 401 () @ https://cbt.morphfactory.io/api/user/dashboard:0
[ 1491366ms] [ERROR] Failed to load resource: the server responded with a status of 405 () @ https://cbt.morphfactory.io/api/user/account?from=2026-09-14T15%3A00%3A00.000Z&to=2026-09-21T06%3A49%3A28.809Z:0
[ 1521361ms] [ERROR] Failed to load resource: the server responded with a status of 401 () @ https://cbt.morphfactory.io/api/user/dashboard/usage?from=2026-09-14T15%3A00%3A00.000Z&to=2026-09-21T06%3A49%3A58.810Z&time_zone=Asia%2FSeoul&limit=31:0
[ 1521363ms] [ERROR] Failed to load resource: the server responded with a status of 401 () @ https://cbt.morphfactory.io/api/user/dashboard/cost-preview?from=2026-09-14T15%3A00%3A00.000Z&to=2026-09-21T06%3A49%3A58.810Z&group_by=day&time_zone=Asia%2FSeoul&limit=200:0
[ 1521363ms] [ERROR] Failed to load resource: the server responded with a status of 502 () @ https://cbt.morphfactory.io/api/user/funding:0
[ 1521363ms] [ERROR] Failed to load resource: the server responded with a status of 401 () @ https://cbt.morphfactory.io/api/user/dashboard/api-keys?limit=200:0
[ 1521364ms] [ERROR] Failed to load resource: the server responded with a status of 401 () @ https://cbt.morphfactory.io/api/user/dashboard:0
[ 1521378ms] [ERROR] Failed to load resource: the server responded with a status of 405 () @ https://cbt.morphfactory.io/api/user/account?from=2026-09-14T15%3A00%3A00.000Z&to=2026-09-21T06%3A49%3A58.810Z:0
[ 1551354ms] [ERROR] Failed to load resource: the server responded with a status of 401 () @ https://cbt.morphfactory.io/api/user/dashboard/usage?from=2026-09-14T15%3A00%3A00.000Z&to=2026-09-21T06%3A50%3A28.809Z&time_zone=Asia%2FSeoul&limit=31:0
[ 1551354ms] [ERROR] Failed to load resource: the server responded with a status of 401 () @ https://cbt.morphfactory.io/api/user/dashboard/cost-preview?from=2026-09-14T15%3A00%3A00.000Z&to=2026-09-21T06%3A50%3A28.809Z&group_by=day&time_zone=Asia%2FSeoul&limit=200:0
[ 1551354ms] [ERROR] Failed to load resource: the server responded with a status of 502 () @ https://cbt.morphfactory.io/api/user/funding:0
[ 1551355ms] [ERROR] Failed to load resource: the server responded with a status of 401 () @ https://cbt.morphfactory.io/api/user/dashboard/api-keys?limit=200:0
[ 1551355ms] [ERROR] Failed to load resource: the server responded with a status of 401 () @ https://cbt.morphfactory.io/api/user/dashboard:0
[ 1551375ms] [ERROR] Failed to load resource: the server responded with a status of 405 () @ https://cbt.morphfactory.io/api/user/account?from=2026-09-14T15%3A00%3A00.000Z&to=2026-09-21T06%3A50%3A28.809Z:0
[ 1581362ms] [ERROR] Failed to load resource: the server responded with a status of 401 () @ https://cbt.morphfactory.io/api/user/dashboard/usage?from=2026-09-14T15%3A00%3A00.000Z&to=2026-09-21T06%3A50%3A58.807Z&time_zone=Asia%2FSeoul&limit=31:0
[ 1581363ms] [ERROR] Failed to load resource: the server responded with a status of 401 () @ https://cbt.morphfactory.io/api/user/dashboard/cost-preview?from=2026-09-14T15%3A00%3A00.000Z&to=2026-09-21T06%3A50%3A58.807Z&group_by=day&time_zone=Asia%2FSeoul&limit=200:0
[ 1581363ms] [ERROR] Failed to load resource: the server responded with a status of 502 () @ https://cbt.morphfactory.io/api/user/funding:0
[ 1581364ms] [ERROR] Failed to load resource: the server responded with a status of 401 () @ https://cbt.morphfactory.io/api/user/dashboard/api-keys?limit=200:0
[ 1581364ms] [ERROR] Failed to load resource: the server responded with a status of 401 () @ https://cbt.morphfactory.io/api/user/dashboard:0
[ 1581379ms] [ERROR] Failed to load resource: the server responded with a status of 405 () @ https://cbt.morphfactory.io/api/user/account?from=2026-09-14T15%3A00%3A00.000Z&to=2026-09-21T06%3A50%3A58.807Z:0
[ 1611352ms] [ERROR] Failed to load resource: the server responded with a status of 401 () @ https://cbt.morphfactory.io/api/user/dashboard/usage?from=2026-09-14T15%3A00%3A00.000Z&to=2026-09-21T06%3A51%3A28.809Z&time_zone=Asia%2FSeoul&limit=31:0
[ 1611352ms] [ERROR] Failed to load resource: the server responded with a status of 401 () @ https://cbt.morphfactory.io/api/user/dashboard/cost-preview?from=2026-09-14T15%3A00%3A00.000Z&to=2026-09-21T06%3A51%3A28.809Z&group_by=day&time_zone=Asia%2FSeoul&limit=200:0
[ 1611352ms] [ERROR] Failed to load resource: the server responded with a status of 401 () @ https://cbt.morphfactory.io/api/user/dashboard:0
[ 1611357ms] [ERROR] Failed to load resource: the server responded with a status of 401 () @ https://cbt.morphfactory.io/api/user/dashboard/api-keys?limit=200:0
[ 1611359ms] [ERROR] Failed to load resource: the server responded with a status of 502 () @ https://cbt.morphfactory.io/api/user/funding:0
[ 1611365ms] [ERROR] Failed to load resource: the server responded with a status of 405 () @ https://cbt.morphfactory.io/api/user/account?from=2026-09-14T15%3A00%3A00.000Z&to=2026-09-21T06%3A51%3A28.809Z:0
[ 1641369ms] [ERROR] Failed to load resource: the server responded with a status of 401 () @ https://cbt.morphfactory.io/api/user/dashboard/usage?from=2026-09-14T15%3A00%3A00.000Z&to=2026-09-21T06%3A51%3A58.807Z&time_zone=Asia%2FSeoul&limit=31:0
[ 1641369ms] [ERROR] Failed to load resource: the server responded with a status of 401 () @ https://cbt.morphfactory.io/api/user/dashboard/cost-preview?from=2026-09-14T15%3A00%3A00.000Z&to=2026-09-21T06%3A51%3A58.807Z&group_by=day&time_zone=Asia%2FSeoul&limit=200:0
[ 1641370ms] [ERROR] Failed to load resource: the server responded with a status of 502 () @ https://cbt.morphfactory.io/api/user/funding:0
[ 1641371ms] [ERROR] Failed to load resource: the server responded with a status of 401 () @ https://cbt.morphfactory.io/api/user/dashboard/api-keys?limit=200:0
[ 1641371ms] [ERROR] Failed to load resource: the server responded with a status of 401 () @ https://cbt.morphfactory.io/api/user/dashboard:0
[ 1641376ms] [ERROR] Failed to load resource: the server responded with a status of 405 () @ https://cbt.morphfactory.io/api/user/account?from=2026-09-14T15%3A00%3A00.000Z&to=2026-09-21T06%3A51%3A58.807Z:0
[ 1671353ms] [ERROR] Failed to load resource: the server responded with a status of 401 () @ https://cbt.morphfactory.io/api/user/dashboard/usage?from=2026-09-14T15%3A00%3A00.000Z&to=2026-09-21T06%3A52%3A28.808Z&time_zone=Asia%2FSeoul&limit=31:0
[ 1671355ms] [ERROR] Failed to load resource: the server responded with a status of 401 () @ https://cbt.morphfactory.io/api/user/dashboard/cost-preview?from=2026-09-14T15%3A00%3A00.000Z&to=2026-09-21T06%3A52%3A28.808Z&group_by=day&time_zone=Asia%2FSeoul&limit=200:0
[ 1671355ms] [ERROR] Failed to load resource: the server responded with a status of 502 () @ https://cbt.morphfactory.io/api/user/funding:0
[ 1671357ms] [ERROR] Failed to load resource: the server responded with a status of 401 () @ https://cbt.morphfactory.io/api/user/dashboard:0
[ 1671358ms] [ERROR] Failed to load resource: the server responded with a status of 401 () @ https://cbt.morphfactory.io/api/user/dashboard/api-keys?limit=200:0
[ 1671362ms] [ERROR] Failed to load resource: the server responded with a status of 405 () @ https://cbt.morphfactory.io/api/user/account?from=2026-09-14T15%3A00%3A00.000Z&to=2026-09-21T06%3A52%3A28.808Z:0
[ 1701363ms] [ERROR] Failed to load resource: the server responded with a status of 401 () @ https://cbt.morphfactory.io/api/user/dashboard/usage?from=2026-09-14T15%3A00%3A00.000Z&to=2026-09-21T06%3A52%3A58.808Z&time_zone=Asia%2FSeoul&limit=31:0
[ 1701364ms] [ERROR] Failed to load resource: the server responded with a status of 401 () @ https://cbt.morphfactory.io/api/user/dashboard/cost-preview?from=2026-09-14T15%3A00%3A00.000Z&to=2026-09-21T06%3A52%3A58.808Z&group_by=day&time_zone=Asia%2FSeoul&limit=200:0
[ 1701365ms] [ERROR] Failed to load resource: the server responded with a status of 401 () @ https://cbt.morphfactory.io/api/user/dashboard:0
[ 1701365ms] [ERROR] Failed to load resource: the server responded with a status of 401 () @ https://cbt.morphfactory.io/api/user/dashboard/api-keys?limit=200:0
[ 1701366ms] [ERROR] Failed to load resource: the server responded with a status of 502 () @ https://cbt.morphfactory.io/api/user/funding:0
[ 1701368ms] [ERROR] Failed to load resource: the server responded with a status of 405 () @ https://cbt.morphfactory.io/api/user/account?from=2026-09-14T15%3A00%3A00.000Z&to=2026-09-21T06%3A52%3A58.808Z:0
[ 2323593ms] [ERROR] Failed to load resource: the server responded with a status of 401 () @ https://cbt.morphfactory.io/api/user/dashboard/cost-preview?from=2026-09-14T15%3A00%3A00.000Z&to=2026-09-21T07%3A03%3A21.001Z&group_by=day&time_zone=Asia%2FSeoul&limit=200:0
[ 2323595ms] [ERROR] Failed to load resource: the server responded with a status of 401 () @ https://cbt.morphfactory.io/api/user/dashboard:0
[ 2323595ms] [ERROR] Failed to load resource: the server responded with a status of 401 () @ https://cbt.morphfactory.io/api/user/dashboard/usage?from=2026-09-14T15%3A00%3A00.000Z&to=2026-09-21T07%3A03%3A21.001Z&time_zone=Asia%2FSeoul&limit=31:0
[ 2323595ms] [ERROR] Failed to load resource: the server responded with a status of 401 () @ https://cbt.morphfactory.io/api/user/dashboard/api-keys?limit=200:0
[ 2323604ms] [ERROR] Failed to load resource: the server responded with a status of 502 () @ https://cbt.morphfactory.io/api/user/funding:0
[ 2323605ms] [ERROR] Failed to load resource: the server responded with a status of 405 () @ https://cbt.morphfactory.io/api/user/account?from=2026-09-14T15%3A00%3A00.000Z&to=2026-09-21T07%3A03%3A21.001Z:0
[ 2474855ms] [ERROR] Failed to load resource: the server responded with a status of 401 () @ https://cbt.morphfactory.io/api/user/dashboard/usage?from=2026-09-14T15%3A00%3A00.000Z&to=2026-09-21T07%3A05%3A52.295Z&time_zone=Asia%2FSeoul&limit=31:0
[ 2474856ms] [ERROR] Failed to load resource: the server responded with a status of 401 () @ https://cbt.morphfactory.io/api/user/dashboard/cost-preview?from=2026-09-14T15%3A00%3A00.000Z&to=2026-09-21T07%3A05%3A52.295Z&group_by=day&time_zone=Asia%2FSeoul&limit=200:0
[ 2474857ms] [ERROR] Failed to load resource: the server responded with a status of 502 () @ https://cbt.morphfactory.io/api/user/funding:0
[ 2474857ms] [ERROR] Failed to load resource: the server responded with a status of 401 () @ https://cbt.morphfactory.io/api/user/dashboard/api-keys?limit=200:0
[ 2474857ms] [ERROR] Failed to load resource: the server responded with a status of 401 () @ https://cbt.morphfactory.io/api/user/dashboard:0
[ 2474868ms] [ERROR] Failed to load resource: the server responded with a status of 405 () @ https://cbt.morphfactory.io/api/user/account?from=2026-09-14T15%3A00%3A00.000Z&to=2026-09-21T07%3A05%3A52.295Z:0
[ 2504855ms] [ERROR] Failed to load resource: the server responded with a status of 401 () @ https://cbt.morphfactory.io/api/user/dashboard/usage?from=2026-09-14T15%3A00%3A00.000Z&to=2026-09-21T07%3A06%3A22.292Z&time_zone=Asia%2FSeoul&limit=31:0
[ 2504864ms] [ERROR] Failed to load resource: the server responded with a status of 401 () @ https://cbt.morphfactory.io/api/user/dashboard/cost-preview?from=2026-09-14T15%3A00%3A00.000Z&to=2026-09-21T07%3A06%3A22.292Z&group_by=day&time_zone=Asia%2FSeoul&limit=200:0
[ 2504864ms] [ERROR] Failed to load resource: the server responded with a status of 502 () @ https://cbt.morphfactory.io/api/user/funding:0
[ 2504864ms] [ERROR] Failed to load resource: the server responded with a status of 401 () @ https://cbt.morphfactory.io/api/user/dashboard/api-keys?limit=200:0
[ 2504869ms] [ERROR] Failed to load resource: the server responded with a status of 401 () @ https://cbt.morphfactory.io/api/user/dashboard:0
[ 2504869ms] [ERROR] Failed to load resource: the server responded with a status of 405 () @ https://cbt.morphfactory.io/api/user/account?from=2026-09-14T15%3A00%3A00.000Z&to=2026-09-21T07%3A06%3A22.292Z:0
[ 2534837ms] [ERROR] Failed to load resource: the server responded with a status of 401 () @ https://cbt.morphfactory.io/api/user/dashboard/usage?from=2026-09-14T15%3A00%3A00.000Z&to=2026-09-21T07%3A06%3A52.293Z&time_zone=Asia%2FSeoul&limit=31:0
[ 2534838ms] [ERROR] Failed to load resource: the server responded with a status of 401 () @ https://cbt.morphfactory.io/api/user/dashboard/cost-preview?from=2026-09-14T15%3A00%3A00.000Z&to=2026-09-21T07%3A06%3A52.293Z&group_by=day&time_zone=Asia%2FSeoul&limit=200:0
[ 2534838ms] [ERROR] Failed to load resource: the server responded with a status of 502 () @ https://cbt.morphfactory.io/api/user/funding:0
[ 2534838ms] [ERROR] Failed to load resource: the server responded with a status of 401 () @ https://cbt.morphfactory.io/api/user/dashboard/api-keys?limit=200:0
[ 2534838ms] [ERROR] Failed to load resource: the server responded with a status of 401 () @ https://cbt.morphfactory.io/api/user/dashboard:0
[ 2534846ms] [ERROR] Failed to load resource: the server responded with a status of 405 () @ https://cbt.morphfactory.io/api/user/account?from=2026-09-14T15%3A00%3A00.000Z&to=2026-09-21T07%3A06%3A52.293Z:0
[ 2564840ms] [ERROR] Failed to load resource: the server responded with a status of 401 () @ https://cbt.morphfactory.io/api/user/dashboard/usage?from=2026-09-14T15%3A00%3A00.000Z&to=2026-09-21T07%3A07%3A22.292Z&time_zone=Asia%2FSeoul&limit=31:0
[ 2564855ms] [ERROR] Failed to load resource: the server responded with a status of 401 () @ https://cbt.morphfactory.io/api/user/dashboard/cost-preview?from=2026-09-14T15%3A00%3A00.000Z&to=2026-09-21T07%3A07%3A22.292Z&group_by=day&time_zone=Asia%2FSeoul&limit=200:0
[ 2564856ms] [ERROR] Failed to load resource: the server responded with a status of 502 () @ https://cbt.morphfactory.io/api/user/funding:0
[ 2564859ms] [ERROR] Failed to load resource: the server responded with a status of 401 () @ https://cbt.morphfactory.io/api/user/dashboard/api-keys?limit=200:0
[ 2564860ms] [ERROR] Failed to load resource: the server responded with a status of 401 () @ https://cbt.morphfactory.io/api/user/dashboard:0
[ 2564862ms] [ERROR] Failed to load resource: the server responded with a status of 405 () @ https://cbt.morphfactory.io/api/user/account?from=2026-09-14T15%3A00%3A00.000Z&to=2026-09-21T07%3A07%3A22.292Z:0
[ 2594854ms] [ERROR] Failed to load resource: the server responded with a status of 401 () @ https://cbt.morphfactory.io/api/user/dashboard/usage?from=2026-09-14T15%3A00%3A00.000Z&to=2026-09-21T07%3A07%3A52.293Z&time_zone=Asia%2FSeoul&limit=31:0
[ 2594855ms] [ERROR] Failed to load resource: the server responded with a status of 401 () @ https://cbt.morphfactory.io/api/user/dashboard/cost-preview?from=2026-09-14T15%3A00%3A00.000Z&to=2026-09-21T07%3A07%3A52.293Z&group_by=day&time_zone=Asia%2FSeoul&limit=200:0
[ 2594856ms] [ERROR] Failed to load resource: the server responded with a status of 502 () @ https://cbt.morphfactory.io/api/user/funding:0
[ 2594857ms] [ERROR] Failed to load resource: the server responded with a status of 401 () @ https://cbt.morphfactory.io/api/user/dashboard/api-keys?limit=200:0
[ 2594858ms] [ERROR] Failed to load resource: the server responded with a status of 401 () @ https://cbt.morphfactory.io/api/user/dashboard:0
[ 2594873ms] [ERROR] Failed to load resource: the server responded with a status of 405 () @ https://cbt.morphfactory.io/api/user/account?from=2026-09-14T15%3A00%3A00.000Z&to=2026-09-21T07%3A07%3A52.293Z:0
[ 2624872ms] [ERROR] Failed to load resource: the server responded with a status of 401 () @ https://cbt.morphfactory.io/api/user/dashboard/usage?from=2026-09-14T15%3A00%3A00.000Z&to=2026-09-21T07%3A08%3A22.293Z&time_zone=Asia%2FSeoul&limit=31:0
[ 2624872ms] [ERROR] Failed to load resource: the server responded with a status of 401 () @ https://cbt.morphfactory.io/api/user/dashboard/cost-preview?from=2026-09-14T15%3A00%3A00.000Z&to=2026-09-21T07%3A08%3A22.293Z&group_by=day&time_zone=Asia%2FSeoul&limit=200:0
[ 2624872ms] [ERROR] Failed to load resource: the server responded with a status of 502 () @ https://cbt.morphfactory.io/api/user/funding:0
[ 2624872ms] [ERROR] Failed to load resource: the server responded with a status of 401 () @ https://cbt.morphfactory.io/api/user/dashboard/api-keys?limit=200:0
[ 2624873ms] [ERROR] Failed to load resource: the server responded with a status of 401 () @ https://cbt.morphfactory.io/api/user/dashboard:0
[ 2624882ms] [ERROR] Failed to load resource: the server responded with a status of 405 () @ https://cbt.morphfactory.io/api/user/account?from=2026-09-14T15%3A00%3A00.000Z&to=2026-09-21T07%3A08%3A22.293Z:0
[ 2654853ms] [ERROR] Failed to load resource: the server responded with a status of 401 () @ https://cbt.morphfactory.io/api/user/dashboard/usage?from=2026-09-14T15%3A00%3A00.000Z&to=2026-09-21T07%3A08%3A52.293Z&time_zone=Asia%2FSeoul&limit=31:0
[ 2654854ms] [ERROR] Failed to load resource: the server responded with a status of 401 () @ https://cbt.morphfactory.io/api/user/dashboard/api-keys?limit=200:0
[ 2654855ms] [ERROR] Failed to load resource: the server responded with a status of 401 () @ https://cbt.morphfactory.io/api/user/dashboard/cost-preview?from=2026-09-14T15%3A00%3A00.000Z&to=2026-09-21T07%3A08%3A52.293Z&group_by=day&time_zone=Asia%2FSeoul&limit=200:0
[ 2654855ms] [ERROR] Failed to load resource: the server responded with a status of 502 () @ https://cbt.morphfactory.io/api/user/funding:0
[ 2654879ms] [ERROR] Failed to load resource: the server responded with a status of 401 () @ https://cbt.morphfactory.io/api/user/dashboard:0
[ 2654879ms] [ERROR] Failed to load resource: the server responded with a status of 405 () @ https://cbt.morphfactory.io/api/user/account?from=2026-09-14T15%3A00%3A00.000Z&to=2026-09-21T07%3A08%3A52.293Z:0
[ 2684878ms] [ERROR] Failed to load resource: the server responded with a status of 405 () @ https://cbt.morphfactory.io/api/user/account?from=2026-09-14T15%3A00%3A00.000Z&to=2026-09-21T07%3A09%3A22.292Z:0
[ 2684879ms] [ERROR] Failed to load resource: the server responded with a status of 401 () @ https://cbt.morphfactory.io/api/user/dashboard/usage?from=2026-09-14T15%3A00%3A00.000Z&to=2026-09-21T07%3A09%3A22.292Z&time_zone=Asia%2FSeoul&limit=31:0
[ 2684880ms] [ERROR] Failed to load resource: the server responded with a status of 401 () @ https://cbt.morphfactory.io/api/user/dashboard/cost-preview?from=2026-09-14T15%3A00%3A00.000Z&to=2026-09-21T07%3A09%3A22.292Z&group_by=day&time_zone=Asia%2FSeoul&limit=200:0
[ 2684880ms] [ERROR] Failed to load resource: the server responded with a status of 502 () @ https://cbt.morphfactory.io/api/user/funding:0
[ 2684881ms] [ERROR] Failed to load resource: the server responded with a status of 401 () @ https://cbt.morphfactory.io/api/user/dashboard:0
[ 2684882ms] [ERROR] Failed to load resource: the server responded with a status of 401 () @ https://cbt.morphfactory.io/api/user/dashboard/api-keys?limit=200:0
[ 2714835ms] [ERROR] Failed to load resource: the server responded with a status of 401 () @ https://cbt.morphfactory.io/api/user/dashboard/usage?from=2026-09-14T15%3A00%3A00.000Z&to=2026-09-21T07%3A09%3A52.292Z&time_zone=Asia%2FSeoul&limit=31:0
[ 2714835ms] [ERROR] Failed to load resource: the server responded with a status of 401 () @ https://cbt.morphfactory.io/api/user/dashboard/cost-preview?from=2026-09-14T15%3A00%3A00.000Z&to=2026-09-21T07%3A09%3A52.292Z&group_by=day&time_zone=Asia%2FSeoul&limit=200:0
[ 2714836ms] [ERROR] Failed to load resource: the server responded with a status of 502 () @ https://cbt.morphfactory.io/api/user/funding:0
[ 2714837ms] [ERROR] Failed to load resource: the server responded with a status of 401 () @ https://cbt.morphfactory.io/api/user/dashboard/api-keys?limit=200:0
[ 2714838ms] [ERROR] Failed to load resource: the server responded with a status of 401 () @ https://cbt.morphfactory.io/api/user/dashboard:0
[ 2714843ms] [ERROR] Failed to load resource: the server responded with a status of 405 () @ https://cbt.morphfactory.io/api/user/account?from=2026-09-14T15%3A00%3A00.000Z&to=2026-09-21T07%3A09%3A52.292Z:0
[ 2744909ms] [ERROR] Failed to load resource: the server responded with a status of 401 () @ https://cbt.morphfactory.io/api/user/dashboard/usage?from=2026-09-14T15%3A00%3A00.000Z&to=2026-09-21T07%3A10%3A22.293Z&time_zone=Asia%2FSeoul&limit=31:0
[ 2744909ms] [ERROR] Failed to load resource: the server responded with a status of 401 () @ https://cbt.morphfactory.io/api/user/dashboard/cost-preview?from=2026-09-14T15%3A00%3A00.000Z&to=2026-09-21T07%3A10%3A22.293Z&group_by=day&time_zone=Asia%2FSeoul&limit=200:0
[ 2744931ms] [ERROR] Failed to load resource: the server responded with a status of 502 () @ https://cbt.morphfactory.io/api/user/funding:0
[ 2744932ms] [ERROR] Failed to load resource: the server responded with a status of 401 () @ https://cbt.morphfactory.io/api/user/dashboard/api-keys?limit=200:0
[ 2744932ms] [ERROR] Failed to load resource: the server responded with a status of 401 () @ https://cbt.morphfactory.io/api/user/dashboard:0
[ 2744932ms] [ERROR] Failed to load resource: the server responded with a status of 405 () @ https://cbt.morphfactory.io/api/user/account?from=2026-09-14T15%3A00%3A00.000Z&to=2026-09-21T07%3A10%3A22.293Z:0
[ 2774839ms] [ERROR] Failed to load resource: the server responded with a status of 401 () @ https://cbt.morphfactory.io/api/user/dashboard/usage?from=2026-09-14T15%3A00%3A00.000Z&to=2026-09-21T07%3A10%3A52.292Z&time_zone=Asia%2FSeoul&limit=31:0
[ 2774839ms] [ERROR] Failed to load resource: the server responded with a status of 401 () @ https://cbt.morphfactory.io/api/user/dashboard/cost-preview?from=2026-09-14T15%3A00%3A00.000Z&to=2026-09-21T07%3A10%3A52.292Z&group_by=day&time_zone=Asia%2FSeoul&limit=200:0
[ 2774840ms] [ERROR] Failed to load resource: the server responded with a status of 502 () @ https://cbt.morphfactory.io/api/user/funding:0
[ 2774840ms] [ERROR] Failed to load resource: the server responded with a status of 401 () @ https://cbt.morphfactory.io/api/user/dashboard:0
[ 2774841ms] [ERROR] Failed to load resource: the server responded with a status of 401 () @ https://cbt.morphfactory.io/api/user/dashboard/api-keys?limit=200:0
[ 2774850ms] [ERROR] Failed to load resource: the server responded with a status of 405 () @ https://cbt.morphfactory.io/api/user/account?from=2026-09-14T15%3A00%3A00.000Z&to=2026-09-21T07%3A10%3A52.292Z:0
[ 2804838ms] [ERROR] Failed to load resource: the server responded with a status of 401 () @ https://cbt.morphfactory.io/api/user/dashboard/usage?from=2026-09-14T15%3A00%3A00.000Z&to=2026-09-21T07%3A11%3A22.293Z&time_zone=Asia%2FSeoul&limit=31:0
[ 2804838ms] [ERROR] Failed to load resource: the server responded with a status of 401 () @ https://cbt.morphfactory.io/api/user/dashboard/cost-preview?from=2026-09-14T15%3A00%3A00.000Z&to=2026-09-21T07%3A11%3A22.293Z&group_by=day&time_zone=Asia%2FSeoul&limit=200:0
[ 2804844ms] [ERROR] Failed to load resource: the server responded with a status of 502 () @ https://cbt.morphfactory.io/api/user/funding:0
[ 2804844ms] [ERROR] Failed to load resource: the server responded with a status of 401 () @ https://cbt.morphfactory.io/api/user/dashboard/api-keys?limit=200:0
[ 2804846ms] [ERROR] Failed to load resource: the server responded with a status of 401 () @ https://cbt.morphfactory.io/api/user/dashboard:0
[ 2804936ms] [ERROR] Failed to load resource: the server responded with a status of 405 () @ https://cbt.morphfactory.io/api/user/account?from=2026-09-14T15%3A00%3A00.000Z&to=2026-09-21T07%3A11%3A22.293Z:0
[ 2834833ms] [ERROR] Failed to load resource: the server responded with a status of 401 () @ https://cbt.morphfactory.io/api/user/dashboard/usage?from=2026-09-14T15%3A00%3A00.000Z&to=2026-09-21T07%3A11%3A52.292Z&time_zone=Asia%2FSeoul&limit=31:0
[ 2834833ms] [ERROR] Failed to load resource: the server responded with a status of 401 () @ https://cbt.morphfactory.io/api/user/dashboard/cost-preview?from=2026-09-14T15%3A00%3A00.000Z&to=2026-09-21T07%3A11%3A52.292Z&group_by=day&time_zone=Asia%2FSeoul&limit=200:0
[ 2834846ms] [ERROR] Failed to load resource: the server responded with a status of 502 () @ https://cbt.morphfactory.io/api/user/funding:0
[ 2834847ms] [ERROR] Failed to load resource: the server responded with a status of 401 () @ https://cbt.morphfactory.io/api/user/dashboard/api-keys?limit=200:0
[ 2834848ms] [ERROR] Failed to load resource: the server responded with a status of 401 () @ https://cbt.morphfactory.io/api/user/dashboard:0
[ 2834848ms] [ERROR] Failed to load resource: the server responded with a status of 405 () @ https://cbt.morphfactory.io/api/user/account?from=2026-09-14T15%3A00%3A00.000Z&to=2026-09-21T07%3A11%3A52.292Z:0
[ 2864867ms] [ERROR] Failed to load resource: the server responded with a status of 401 () @ https://cbt.morphfactory.io/api/user/dashboard/usage?from=2026-09-14T15%3A00%3A00.000Z&to=2026-09-21T07%3A12%3A22.292Z&time_zone=Asia%2FSeoul&limit=31:0
[ 2864867ms] [ERROR] Failed to load resource: the server responded with a status of 401 () @ https://cbt.morphfactory.io/api/user/dashboard/cost-preview?from=2026-09-14T15%3A00%3A00.000Z&to=2026-09-21T07%3A12%3A22.292Z&group_by=day&time_zone=Asia%2FSeoul&limit=200:0
[ 2864869ms] [ERROR] Failed to load resource: the server responded with a status of 401 () @ https://cbt.morphfactory.io/api/user/dashboard/api-keys?limit=200:0
[ 2864895ms] [ERROR] Failed to load resource: the server responded with a status of 502 () @ https://cbt.morphfactory.io/api/user/funding:0
[ 2864896ms] [ERROR] Failed to load resource: the server responded with a status of 401 () @ https://cbt.morphfactory.io/api/user/dashboard:0
[ 2864896ms] [ERROR] Failed to load resource: the server responded with a status of 405 () @ https://cbt.morphfactory.io/api/user/account?from=2026-09-14T15%3A00%3A00.000Z&to=2026-09-21T07%3A12%3A22.292Z:0
[ 2894869ms] [ERROR] Failed to load resource: the server responded with a status of 401 () @ https://cbt.morphfactory.io/api/user/dashboard/usage?from=2026-09-14T15%3A00%3A00.000Z&to=2026-09-21T07%3A12%3A52.293Z&time_zone=Asia%2FSeoul&limit=31:0
[ 2894869ms] [ERROR] Failed to load resource: the server responded with a status of 401 () @ https://cbt.morphfactory.io/api/user/dashboard/cost-preview?from=2026-09-14T15%3A00%3A00.000Z&to=2026-09-21T07%3A12%3A52.293Z&group_by=day&time_zone=Asia%2FSeoul&limit=200:0
[ 2894910ms] [ERROR] Failed to load resource: the server responded with a status of 502 () @ https://cbt.morphfactory.io/api/user/funding:0
[ 2894911ms] [ERROR] Failed to load resource: the server responded with a status of 405 () @ https://cbt.morphfactory.io/api/user/account?from=2026-09-14T15%3A00%3A00.000Z&to=2026-09-21T07%3A12%3A52.293Z:0
[ 2894911ms] [ERROR] Failed to load resource: the server responded with a status of 401 () @ https://cbt.morphfactory.io/api/user/dashboard/api-keys?limit=200:0
[ 2894912ms] [ERROR] Failed to load resource: the server responded with a status of 401 () @ https://cbt.morphfactory.io/api/user/dashboard:0
[ 2924863ms] [ERROR] Failed to load resource: the server responded with a status of 401 () @ https://cbt.morphfactory.io/api/user/dashboard/usage?from=2026-09-14T15%3A00%3A00.000Z&to=2026-09-21T07%3A13%3A22.292Z&time_zone=Asia%2FSeoul&limit=31:0
[ 2924865ms] [ERROR] Failed to load resource: the server responded with a status of 401 () @ https://cbt.morphfactory.io/api/user/dashboard/cost-preview?from=2026-09-14T15%3A00%3A00.000Z&to=2026-09-21T07%3A13%3A22.292Z&group_by=day&time_zone=Asia%2FSeoul&limit=200:0
[ 2924865ms] [ERROR] Failed to load resource: the server responded with a status of 502 () @ https://cbt.morphfactory.io/api/user/funding:0
[ 2924896ms] [ERROR] Failed to load resource: the server responded with a status of 401 () @ https://cbt.morphfactory.io/api/user/dashboard/api-keys?limit=200:0
[ 2924897ms] [ERROR] Failed to load resource: the server responded with a status of 401 () @ https://cbt.morphfactory.io/api/user/dashboard:0
[ 2924897ms] [ERROR] Failed to load resource: the server responded with a status of 405 () @ https://cbt.morphfactory.io/api/user/account?from=2026-09-14T15%3A00%3A00.000Z&to=2026-09-21T07%3A13%3A22.292Z:0
[ 2954835ms] [ERROR] Failed to load resource: the server responded with a status of 401 () @ https://cbt.morphfactory.io/api/user/dashboard/usage?from=2026-09-14T15%3A00%3A00.000Z&to=2026-09-21T07%3A13%3A52.293Z&time_zone=Asia%2FSeoul&limit=31:0
[ 2954835ms] [ERROR] Failed to load resource: the server responded with a status of 401 () @ https://cbt.morphfactory.io/api/user/dashboard/cost-preview?from=2026-09-14T15%3A00%3A00.000Z&to=2026-09-21T07%3A13%3A52.293Z&group_by=day&time_zone=Asia%2FSeoul&limit=200:0
[ 2954836ms] [ERROR] Failed to load resource: the server responded with a status of 502 () @ https://cbt.morphfactory.io/api/user/funding:0
[ 2954836ms] [ERROR] Failed to load resource: the server responded with a status of 401 () @ https://cbt.morphfactory.io/api/user/dashboard:0
[ 2954851ms] [ERROR] Failed to load resource: the server responded with a status of 401 () @ https://cbt.morphfactory.io/api/user/dashboard/api-keys?limit=200:0
[ 2954854ms] [ERROR] Failed to load resource: the server responded with a status of 405 () @ https://cbt.morphfactory.io/api/user/account?from=2026-09-14T15%3A00%3A00.000Z&to=2026-09-21T07%3A13%3A52.293Z:0
[ 2984859ms] [ERROR] Failed to load resource: the server responded with a status of 401 () @ https://cbt.morphfactory.io/api/user/dashboard/usage?from=2026-09-14T15%3A00%3A00.000Z&to=2026-09-21T07%3A14%3A22.292Z&time_zone=Asia%2FSeoul&limit=31:0
[ 2984860ms] [ERROR] Failed to load resource: the server responded with a status of 401 () @ https://cbt.morphfactory.io/api/user/dashboard/api-keys?limit=200:0
[ 2984860ms] [ERROR] Failed to load resource: the server responded with a status of 401 () @ https://cbt.morphfactory.io/api/user/dashboard/cost-preview?from=2026-09-14T15%3A00%3A00.000Z&to=2026-09-21T07%3A14%3A22.292Z&group_by=day&time_zone=Asia%2FSeoul&limit=200:0
[ 2984872ms] [ERROR] Failed to load resource: the server responded with a status of 502 () @ https://cbt.morphfactory.io/api/user/funding:0
[ 2984872ms] [ERROR] Failed to load resource: the server responded with a status of 401 () @ https://cbt.morphfactory.io/api/user/dashboard:0
[ 2984899ms] [ERROR] Failed to load resource: the server responded with a status of 405 () @ https://cbt.morphfactory.io/api/user/account?from=2026-09-14T15%3A00%3A00.000Z&to=2026-09-21T07%3A14%3A22.292Z:0
[ 3014833ms] [ERROR] Failed to load resource: the server responded with a status of 401 () @ https://cbt.morphfactory.io/api/user/dashboard/usage?from=2026-09-14T15%3A00%3A00.000Z&to=2026-09-21T07%3A14%3A52.291Z&time_zone=Asia%2FSeoul&limit=31:0
[ 3014834ms] [ERROR] Failed to load resource: the server responded with a status of 401 () @ https://cbt.morphfactory.io/api/user/dashboard/cost-preview?from=2026-09-14T15%3A00%3A00.000Z&to=2026-09-21T07%3A14%3A52.291Z&group_by=day&time_zone=Asia%2FSeoul&limit=200:0
[ 3014834ms] [ERROR] Failed to load resource: the server responded with a status of 502 () @ https://cbt.morphfactory.io/api/user/funding:0
[ 3014839ms] [ERROR] Failed to load resource: the server responded with a status of 401 () @ https://cbt.morphfactory.io/api/user/dashboard/api-keys?limit=200:0
[ 3014840ms] [ERROR] Failed to load resource: the server responded with a status of 401 () @ https://cbt.morphfactory.io/api/user/dashboard:0
[ 3014858ms] [ERROR] Failed to load resource: the server responded with a status of 405 () @ https://cbt.morphfactory.io/api/user/account?from=2026-09-14T15%3A00%3A00.000Z&to=2026-09-21T07%3A14%3A52.291Z:0
[ 3044850ms] [ERROR] Failed to load resource: the server responded with a status of 401 () @ https://cbt.morphfactory.io/api/user/dashboard/usage?from=2026-09-14T15%3A00%3A00.000Z&to=2026-09-21T07%3A15%3A22.292Z&time_zone=Asia%2FSeoul&limit=31:0
[ 3044851ms] [ERROR] Failed to load resource: the server responded with a status of 401 () @ https://cbt.morphfactory.io/api/user/dashboard/cost-preview?from=2026-09-14T15%3A00%3A00.000Z&to=2026-09-21T07%3A15%3A22.292Z&group_by=day&time_zone=Asia%2FSeoul&limit=200:0
[ 3044851ms] [ERROR] Failed to load resource: the server responded with a status of 502 () @ https://cbt.morphfactory.io/api/user/funding:0
[ 3044851ms] [ERROR] Failed to load resource: the server responded with a status of 401 () @ https://cbt.morphfactory.io/api/user/dashboard/api-keys?limit=200:0
[ 3044863ms] [ERROR] Failed to load resource: the server responded with a status of 401 () @ https://cbt.morphfactory.io/api/user/dashboard:0
[ 3044864ms] [ERROR] Failed to load resource: the server responded with a status of 405 () @ https://cbt.morphfactory.io/api/user/account?from=2026-09-14T15%3A00%3A00.000Z&to=2026-09-21T07%3A15%3A22.292Z:0
[ 3074841ms] [ERROR] Failed to load resource: the server responded with a status of 401 () @ https://cbt.morphfactory.io/api/user/dashboard/usage?from=2026-09-14T15%3A00%3A00.000Z&to=2026-09-21T07%3A15%3A52.293Z&time_zone=Asia%2FSeoul&limit=31:0
[ 3074842ms] [ERROR] Failed to load resource: the server responded with a status of 401 () @ https://cbt.morphfactory.io/api/user/dashboard/cost-preview?from=2026-09-14T15%3A00%3A00.000Z&to=2026-09-21T07%3A15%3A52.293Z&group_by=day&time_zone=Asia%2FSeoul&limit=200:0
[ 3074842ms] [ERROR] Failed to load resource: the server responded with a status of 502 () @ https://cbt.morphfactory.io/api/user/funding:0
[ 3074842ms] [ERROR] Failed to load resource: the server responded with a status of 401 () @ https://cbt.morphfactory.io/api/user/dashboard/api-keys?limit=200:0
[ 3074845ms] [ERROR] Failed to load resource: the server responded with a status of 401 () @ https://cbt.morphfactory.io/api/user/dashboard:0
[ 3074852ms] [ERROR] Failed to load resource: the server responded with a status of 405 () @ https://cbt.morphfactory.io/api/user/account?from=2026-09-14T15%3A00%3A00.000Z&to=2026-09-21T07%3A15%3A52.293Z:0
[ 3104839ms] [ERROR] Failed to load resource: the server responded with a status of 401 () @ https://cbt.morphfactory.io/api/user/dashboard/usage?from=2026-09-14T15%3A00%3A00.000Z&to=2026-09-21T07%3A16%3A22.292Z&time_zone=Asia%2FSeoul&limit=31:0
[ 3104840ms] [ERROR] Failed to load resource: the server responded with a status of 502 () @ https://cbt.morphfactory.io/api/user/funding:0
[ 3104840ms] [ERROR] Failed to load resource: the server responded with a status of 401 () @ https://cbt.morphfactory.io/api/user/dashboard/cost-preview?from=2026-09-14T15%3A00%3A00.000Z&to=2026-09-21T07%3A16%3A22.292Z&group_by=day&time_zone=Asia%2FSeoul&limit=200:0
[ 3104843ms] [ERROR] Failed to load resource: the server responded with a status of 401 () @ https://cbt.morphfactory.io/api/user/dashboard/api-keys?limit=200:0
[ 3104845ms] [ERROR] Failed to load resource: the server responded with a status of 401 () @ https://cbt.morphfactory.io/api/user/dashboard:0
[ 3104851ms] [ERROR] Failed to load resource: the server responded with a status of 405 () @ https://cbt.morphfactory.io/api/user/account?from=2026-09-14T15%3A00%3A00.000Z&to=2026-09-21T07%3A16%3A22.292Z:0
[ 3134841ms] [ERROR] Failed to load resource: the server responded with a status of 401 () @ https://cbt.morphfactory.io/api/user/dashboard/usage?from=2026-09-14T15%3A00%3A00.000Z&to=2026-09-21T07%3A16%3A52.293Z&time_zone=Asia%2FSeoul&limit=31:0
[ 3134841ms] [ERROR] Failed to load resource: the server responded with a status of 401 () @ https://cbt.morphfactory.io/api/user/dashboard/cost-preview?from=2026-09-14T15%3A00%3A00.000Z&to=2026-09-21T07%3A16%3A52.293Z&group_by=day&time_zone=Asia%2FSeoul&limit=200:0
[ 3134842ms] [ERROR] Failed to load resource: the server responded with a status of 401 () @ https://cbt.morphfactory.io/api/user/dashboard/api-keys?limit=200:0
[ 3134842ms] [ERROR] Failed to load resource: the server responded with a status of 401 () @ https://cbt.morphfactory.io/api/user/dashboard:0
[ 3134849ms] [ERROR] Failed to load resource: the server responded with a status of 502 () @ https://cbt.morphfactory.io/api/user/funding:0
[ 3134870ms] [ERROR] Failed to load resource: the server responded with a status of 405 () @ https://cbt.morphfactory.io/api/user/account?from=2026-09-14T15%3A00%3A00.000Z&to=2026-09-21T07%3A16%3A52.293Z:0
[ 3164835ms] [ERROR] Failed to load resource: the server responded with a status of 401 () @ https://cbt.morphfactory.io/api/user/dashboard/usage?from=2026-09-14T15%3A00%3A00.000Z&to=2026-09-21T07%3A17%3A22.292Z&time_zone=Asia%2FSeoul&limit=31:0
[ 3164835ms] [ERROR] Failed to load resource: the server responded with a status of 401 () @ https://cbt.morphfactory.io/api/user/dashboard/cost-preview?from=2026-09-14T15%3A00%3A00.000Z&to=2026-09-21T07%3A17%3A22.292Z&group_by=day&time_zone=Asia%2FSeoul&limit=200:0
[ 3164835ms] [ERROR] Failed to load resource: the server responded with a status of 502 () @ https://cbt.morphfactory.io/api/user/funding:0
[ 3164837ms] [ERROR] Failed to load resource: the server responded with a status of 401 () @ https://cbt.morphfactory.io/api/user/dashboard/api-keys?limit=200:0
[ 3164843ms] [ERROR] Failed to load resource: the server responded with a status of 401 () @ https://cbt.morphfactory.io/api/user/dashboard:0
[ 3164846ms] [ERROR] Failed to load resource: the server responded with a status of 405 () @ https://cbt.morphfactory.io/api/user/account?from=2026-09-14T15%3A00%3A00.000Z&to=2026-09-21T07%3A17%3A22.292Z:0
[ 3194848ms] [ERROR] Failed to load resource: the server responded with a status of 502 () @ https://cbt.morphfactory.io/api/user/funding:0
[ 3194871ms] [ERROR] Failed to load resource: the server responded with a status of 401 () @ https://cbt.morphfactory.io/api/user/dashboard/api-keys?limit=200:0
[ 3194872ms] [ERROR] Failed to load resource: the server responded with a status of 401 () @ https://cbt.morphfactory.io/api/user/dashboard:0
[ 3194872ms] [ERROR] Failed to load resource: the server responded with a status of 401 () @ https://cbt.morphfactory.io/api/user/dashboard/cost-preview?from=2026-09-14T15%3A00%3A00.000Z&to=2026-09-21T07%3A17%3A52.291Z&group_by=day&time_zone=Asia%2FSeoul&limit=200:0
[ 3194872ms] [ERROR] Failed to load resource: the server responded with a status of 401 () @ https://cbt.morphfactory.io/api/user/dashboard/usage?from=2026-09-14T15%3A00%3A00.000Z&to=2026-09-21T07%3A17%3A52.291Z&time_zone=Asia%2FSeoul&limit=31:0
[ 3194874ms] [ERROR] Failed to load resource: the server responded with a status of 405 () @ https://cbt.morphfactory.io/api/user/account?from=2026-09-14T15%3A00%3A00.000Z&to=2026-09-21T07%3A17%3A52.291Z:0
[ 3224850ms] [ERROR] Failed to load resource: the server responded with a status of 401 () @ https://cbt.morphfactory.io/api/user/dashboard/usage?from=2026-09-14T15%3A00%3A00.000Z&to=2026-09-21T07%3A18%3A22.292Z&time_zone=Asia%2FSeoul&limit=31:0
[ 3224851ms] [ERROR] Failed to load resource: the server responded with a status of 401 () @ https://cbt.morphfactory.io/api/user/dashboard/cost-preview?from=2026-09-14T15%3A00%3A00.000Z&to=2026-09-21T07%3A18%3A22.292Z&group_by=day&time_zone=Asia%2FSeoul&limit=200:0
[ 3224851ms] [ERROR] Failed to load resource: the server responded with a status of 502 () @ https://cbt.morphfactory.io/api/user/funding:0
[ 3224852ms] [ERROR] Failed to load resource: the server responded with a status of 401 () @ https://cbt.morphfactory.io/api/user/dashboard:0
[ 3224853ms] [ERROR] Failed to load resource: the server responded with a status of 401 () @ https://cbt.morphfactory.io/api/user/dashboard/api-keys?limit=200:0
[ 3225109ms] [ERROR] Failed to load resource: the server responded with a status of 405 () @ https://cbt.morphfactory.io/api/user/account?from=2026-09-14T15%3A00%3A00.000Z&to=2026-09-21T07%3A18%3A22.292Z:0
[ 3254839ms] [ERROR] Failed to load resource: the server responded with a status of 401 () @ https://cbt.morphfactory.io/api/user/dashboard/usage?from=2026-09-14T15%3A00%3A00.000Z&to=2026-09-21T07%3A18%3A52.291Z&time_zone=Asia%2FSeoul&limit=31:0
[ 3254846ms] [ERROR] Failed to load resource: the server responded with a status of 401 () @ https://cbt.morphfactory.io/api/user/dashboard/cost-preview?from=2026-09-14T15%3A00%3A00.000Z&to=2026-09-21T07%3A18%3A52.291Z&group_by=day&time_zone=Asia%2FSeoul&limit=200:0
[ 3254847ms] [ERROR] Failed to load resource: the server responded with a status of 502 () @ https://cbt.morphfactory.io/api/user/funding:0
[ 3254863ms] [ERROR] Failed to load resource: the server responded with a status of 401 () @ https://cbt.morphfactory.io/api/user/dashboard/api-keys?limit=200:0
[ 3254864ms] [ERROR] Failed to load resource: the server responded with a status of 405 () @ https://cbt.morphfactory.io/api/user/account?from=2026-09-14T15%3A00%3A00.000Z&to=2026-09-21T07%3A18%3A52.291Z:0
[ 3254864ms] [ERROR] Failed to load resource: the server responded with a status of 401 () @ https://cbt.morphfactory.io/api/user/dashboard:0
[ 3284891ms] [ERROR] Failed to load resource: the server responded with a status of 401 () @ https://cbt.morphfactory.io/api/user/dashboard/usage?from=2026-09-14T15%3A00%3A00.000Z&to=2026-09-21T07%3A19%3A22.292Z&time_zone=Asia%2FSeoul&limit=31:0
[ 3284891ms] [ERROR] Failed to load resource: the server responded with a status of 401 () @ https://cbt.morphfactory.io/api/user/dashboard/cost-preview?from=2026-09-14T15%3A00%3A00.000Z&to=2026-09-21T07%3A19%3A22.292Z&group_by=day&time_zone=Asia%2FSeoul&limit=200:0
[ 3284891ms] [ERROR] Failed to load resource: the server responded with a status of 502 () @ https://cbt.morphfactory.io/api/user/funding:0
[ 3284891ms] [ERROR] Failed to load resource: the server responded with a status of 401 () @ https://cbt.morphfactory.io/api/user/dashboard/api-keys?limit=200:0
[ 3284895ms] [ERROR] Failed to load resource: the server responded with a status of 401 () @ https://cbt.morphfactory.io/api/user/dashboard:0
[ 3284896ms] [ERROR] Failed to load resource: the server responded with a status of 405 () @ https://cbt.morphfactory.io/api/user/account?from=2026-09-14T15%3A00%3A00.000Z&to=2026-09-21T07%3A19%3A22.292Z:0
[ 3314878ms] [ERROR] Failed to load resource: the server responded with a status of 401 () @ https://cbt.morphfactory.io/api/user/dashboard/usage?from=2026-09-14T15%3A00%3A00.000Z&to=2026-09-21T07%3A19%3A52.292Z&time_zone=Asia%2FSeoul&limit=31:0
[ 3314878ms] [ERROR] Failed to load resource: the server responded with a status of 401 () @ https://cbt.morphfactory.io/api/user/dashboard/cost-preview?from=2026-09-14T15%3A00%3A00.000Z&to=2026-09-21T07%3A19%3A52.292Z&group_by=day&time_zone=Asia%2FSeoul&limit=200:0
[ 3314878ms] [ERROR] Failed to load resource: the server responded with a status of 502 () @ https://cbt.morphfactory.io/api/user/funding:0
[ 3314881ms] [ERROR] Failed to load resource: the server responded with a status of 401 () @ https://cbt.morphfactory.io/api/user/dashboard:0
[ 3314881ms] [ERROR] Failed to load resource: the server responded with a status of 401 () @ https://cbt.morphfactory.io/api/user/dashboard/api-keys?limit=200:0
[ 3314884ms] [ERROR] Failed to load resource: the server responded with a status of 405 () @ https://cbt.morphfactory.io/api/user/account?from=2026-09-14T15%3A00%3A00.000Z&to=2026-09-21T07%3A19%3A52.292Z:0
[ 3344848ms] [ERROR] Failed to load resource: the server responded with a status of 401 () @ https://cbt.morphfactory.io/api/user/dashboard/usage?from=2026-09-14T15%3A00%3A00.000Z&to=2026-09-21T07%3A20%3A22.292Z&time_zone=Asia%2FSeoul&limit=31:0
[ 3344848ms] [ERROR] Failed to load resource: the server responded with a status of 401 () @ https://cbt.morphfactory.io/api/user/dashboard/cost-preview?from=2026-09-14T15%3A00%3A00.000Z&to=2026-09-21T07%3A20%3A22.292Z&group_by=day&time_zone=Asia%2FSeoul&limit=200:0
[ 3344865ms] [ERROR] Failed to load resource: the server responded with a status of 502 () @ https://cbt.morphfactory.io/api/user/funding:0
[ 3344865ms] [ERROR] Failed to load resource: the server responded with a status of 401 () @ https://cbt.morphfactory.io/api/user/dashboard/api-keys?limit=200:0
[ 3344865ms] [ERROR] Failed to load resource: the server responded with a status of 401 () @ https://cbt.morphfactory.io/api/user/dashboard:0
[ 3344866ms] [ERROR] Failed to load resource: the server responded with a status of 405 () @ https://cbt.morphfactory.io/api/user/account?from=2026-09-14T15%3A00%3A00.000Z&to=2026-09-21T07%3A20%3A22.292Z:0
[ 3374860ms] [ERROR] Failed to load resource: the server responded with a status of 401 () @ https://cbt.morphfactory.io/api/user/dashboard/usage?from=2026-09-14T15%3A00%3A00.000Z&to=2026-09-21T07%3A20%3A52.291Z&time_zone=Asia%2FSeoul&limit=31:0
[ 3374861ms] [ERROR] Failed to load resource: the server responded with a status of 401 () @ https://cbt.morphfactory.io/api/user/dashboard/cost-preview?from=2026-09-14T15%3A00%3A00.000Z&to=2026-09-21T07%3A20%3A52.291Z&group_by=day&time_zone=Asia%2FSeoul&limit=200:0
[ 3374868ms] [ERROR] Failed to load resource: the server responded with a status of 502 () @ https://cbt.morphfactory.io/api/user/funding:0
[ 3374869ms] [ERROR] Failed to load resource: the server responded with a status of 401 () @ https://cbt.morphfactory.io/api/user/dashboard/api-keys?limit=200:0
[ 3374869ms] [ERROR] Failed to load resource: the server responded with a status of 401 () @ https://cbt.morphfactory.io/api/user/dashboard:0
[ 3374870ms] [ERROR] Failed to load resource: the server responded with a status of 405 () @ https://cbt.morphfactory.io/api/user/account?from=2026-09-14T15%3A00%3A00.000Z&to=2026-09-21T07%3A20%3A52.291Z:0
[ 3404838ms] [ERROR] Failed to load resource: the server responded with a status of 401 () @ https://cbt.morphfactory.io/api/user/dashboard/usage?from=2026-09-14T15%3A00%3A00.000Z&to=2026-09-21T07%3A21%3A22.292Z&time_zone=Asia%2FSeoul&limit=31:0
[ 3404839ms] [ERROR] Failed to load resource: the server responded with a status of 401 () @ https://cbt.morphfactory.io/api/user/dashboard/cost-preview?from=2026-09-14T15%3A00%3A00.000Z&to=2026-09-21T07%3A21%3A22.292Z&group_by=day&time_zone=Asia%2FSeoul&limit=200:0
[ 3404839ms] [ERROR] Failed to load resource: the server responded with a status of 502 () @ https://cbt.morphfactory.io/api/user/funding:0
[ 3404843ms] [ERROR] Failed to load resource: the server responded with a status of 401 () @ https://cbt.morphfactory.io/api/user/dashboard/api-keys?limit=200:0
[ 3404844ms] [ERROR] Failed to load resource: the server responded with a status of 401 () @ https://cbt.morphfactory.io/api/user/dashboard:0
[ 3404846ms] [ERROR] Failed to load resource: the server responded with a status of 405 () @ https://cbt.morphfactory.io/api/user/account?from=2026-09-14T15%3A00%3A00.000Z&to=2026-09-21T07%3A21%3A22.292Z:0
[ 3434833ms] [ERROR] Failed to load resource: the server responded with a status of 401 () @ https://cbt.morphfactory.io/api/user/dashboard/usage?from=2026-09-14T15%3A00%3A00.000Z&to=2026-09-21T07%3A21%3A52.292Z&time_zone=Asia%2FSeoul&limit=31:0
[ 3434834ms] [ERROR] Failed to load resource: the server responded with a status of 401 () @ https://cbt.morphfactory.io/api/user/dashboard/cost-preview?from=2026-09-14T15%3A00%3A00.000Z&to=2026-09-21T07%3A21%3A52.292Z&group_by=day&time_zone=Asia%2FSeoul&limit=200:0
[ 3434834ms] [ERROR] Failed to load resource: the server responded with a status of 502 () @ https://cbt.morphfactory.io/api/user/funding:0
[ 3434843ms] [ERROR] Failed to load resource: the server responded with a status of 401 () @ https://cbt.morphfactory.io/api/user/dashboard/api-keys?limit=200:0
[ 3434844ms] [ERROR] Failed to load resource: the server responded with a status of 401 () @ https://cbt.morphfactory.io/api/user/dashboard:0
[ 3434848ms] [ERROR] Failed to load resource: the server responded with a status of 405 () @ https://cbt.morphfactory.io/api/user/account?from=2026-09-14T15%3A00%3A00.000Z&to=2026-09-21T07%3A21%3A52.292Z:0
[ 3464849ms] [ERROR] Failed to load resource: the server responded with a status of 401 () @ https://cbt.morphfactory.io/api/user/dashboard/usage?from=2026-09-14T15%3A00%3A00.000Z&to=2026-09-21T07%3A22%3A22.291Z&time_zone=Asia%2FSeoul&limit=31:0
[ 3464850ms] [ERROR] Failed to load resource: the server responded with a status of 401 () @ https://cbt.morphfactory.io/api/user/dashboard/cost-preview?from=2026-09-14T15%3A00%3A00.000Z&to=2026-09-21T07%3A22%3A22.291Z&group_by=day&time_zone=Asia%2FSeoul&limit=200:0
[ 3464860ms] [ERROR] Failed to load resource: the server responded with a status of 502 () @ https://cbt.morphfactory.io/api/user/funding:0
[ 3464860ms] [ERROR] Failed to load resource: the server responded with a status of 401 () @ https://cbt.morphfactory.io/api/user/dashboard/api-keys?limit=200:0
[ 3464861ms] [ERROR] Failed to load resource: the server responded with a status of 401 () @ https://cbt.morphfactory.io/api/user/dashboard:0
[ 3464863ms] [ERROR] Failed to load resource: the server responded with a status of 405 () @ https://cbt.morphfactory.io/api/user/account?from=2026-09-14T15%3A00%3A00.000Z&to=2026-09-21T07%3A22%3A22.291Z:0
[ 3494850ms] [ERROR] Failed to load resource: the server responded with a status of 401 () @ https://cbt.morphfactory.io/api/user/dashboard/usage?from=2026-09-14T15%3A00%3A00.000Z&to=2026-09-21T07%3A22%3A52.292Z&time_zone=Asia%2FSeoul&limit=31:0
[ 3494851ms] [ERROR] Failed to load resource: the server responded with a status of 401 () @ https://cbt.morphfactory.io/api/user/dashboard/cost-preview?from=2026-09-14T15%3A00%3A00.000Z&to=2026-09-21T07%3A22%3A52.292Z&group_by=day&time_zone=Asia%2FSeoul&limit=200:0
[ 3494851ms] [ERROR] Failed to load resource: the server responded with a status of 502 () @ https://cbt.morphfactory.io/api/user/funding:0
[ 3494851ms] [ERROR] Failed to load resource: the server responded with a status of 401 () @ https://cbt.morphfactory.io/api/user/dashboard/api-keys?limit=200:0
[ 3494851ms] [ERROR] Failed to load resource: the server responded with a status of 401 () @ https://cbt.morphfactory.io/api/user/dashboard:0
[ 3494851ms] [ERROR] Failed to load resource: the server responded with a status of 405 () @ https://cbt.morphfactory.io/api/user/account?from=2026-09-14T15%3A00%3A00.000Z&to=2026-09-21T07%3A22%3A52.292Z:0
[ 3524849ms] [ERROR] Failed to load resource: the server responded with a status of 401 () @ https://cbt.morphfactory.io/api/user/dashboard/usage?from=2026-09-14T15%3A00%3A00.000Z&to=2026-09-21T07%3A23%3A22.290Z&time_zone=Asia%2FSeoul&limit=31:0
[ 3524849ms] [ERROR] Failed to load resource: the server responded with a status of 401 () @ https://cbt.morphfactory.io/api/user/dashboard/cost-preview?from=2026-09-14T15%3A00%3A00.000Z&to=2026-09-21T07%3A23%3A22.290Z&group_by=day&time_zone=Asia%2FSeoul&limit=200:0
[ 3524850ms] [ERROR] Failed to load resource: the server responded with a status of 502 () @ https://cbt.morphfactory.io/api/user/funding:0
[ 3524877ms] [ERROR] Failed to load resource: the server responded with a status of 401 () @ https://cbt.morphfactory.io/api/user/dashboard/api-keys?limit=200:0
[ 3524877ms] [ERROR] Failed to load resource: the server responded with a status of 401 () @ https://cbt.morphfactory.io/api/user/dashboard:0
[ 3524882ms] [ERROR] Failed to load resource: the server responded with a status of 405 () @ https://cbt.morphfactory.io/api/user/account?from=2026-09-14T15%3A00%3A00.000Z&to=2026-09-21T07%3A23%3A22.290Z:0
[ 3554860ms] [ERROR] Failed to load resource: the server responded with a status of 401 () @ https://cbt.morphfactory.io/api/user/dashboard/usage?from=2026-09-14T15%3A00%3A00.000Z&to=2026-09-21T07%3A23%3A52.292Z&time_zone=Asia%2FSeoul&limit=31:0
[ 3554861ms] [ERROR] Failed to load resource: the server responded with a status of 401 () @ https://cbt.morphfactory.io/api/user/dashboard/cost-preview?from=2026-09-14T15%3A00%3A00.000Z&to=2026-09-21T07%3A23%3A52.292Z&group_by=day&time_zone=Asia%2FSeoul&limit=200:0
[ 3554861ms] [ERROR] Failed to load resource: the server responded with a status of 502 () @ https://cbt.morphfactory.io/api/user/funding:0
[ 3554861ms] [ERROR] Failed to load resource: the server responded with a status of 401 () @ https://cbt.morphfactory.io/api/user/dashboard/api-keys?limit=200:0
[ 3554864ms] [ERROR] Failed to load resource: the server responded with a status of 405 () @ https://cbt.morphfactory.io/api/user/account?from=2026-09-14T15%3A00%3A00.000Z&to=2026-09-21T07%3A23%3A52.292Z:0
[ 3554867ms] [ERROR] Failed to load resource: the server responded with a status of 401 () @ https://cbt.morphfactory.io/api/user/dashboard:0
[ 3584836ms] [ERROR] Failed to load resource: the server responded with a status of 401 () @ https://cbt.morphfactory.io/api/user/dashboard/usage?from=2026-09-14T15%3A00%3A00.000Z&to=2026-09-21T07%3A24%3A22.292Z&time_zone=Asia%2FSeoul&limit=31:0
[ 3584836ms] [ERROR] Failed to load resource: the server responded with a status of 401 () @ https://cbt.morphfactory.io/api/user/dashboard/cost-preview?from=2026-09-14T15%3A00%3A00.000Z&to=2026-09-21T07%3A24%3A22.292Z&group_by=day&time_zone=Asia%2FSeoul&limit=200:0
[ 3584844ms] [ERROR] Failed to load resource: the server responded with a status of 502 () @ https://cbt.morphfactory.io/api/user/funding:0
[ 3584845ms] [ERROR] Failed to load resource: the server responded with a status of 401 () @ https://cbt.morphfactory.io/api/user/dashboard/api-keys?limit=200:0
[ 3584847ms] [ERROR] Failed to load resource: the server responded with a status of 401 () @ https://cbt.morphfactory.io/api/user/dashboard:0
[ 3584856ms] [ERROR] Failed to load resource: the server responded with a status of 405 () @ https://cbt.morphfactory.io/api/user/account?from=2026-09-14T15%3A00%3A00.000Z&to=2026-09-21T07%3A24%3A22.292Z:0
[ 3614837ms] [ERROR] Failed to load resource: the server responded with a status of 401 () @ https://cbt.morphfactory.io/api/user/dashboard/usage?from=2026-09-14T15%3A00%3A00.000Z&to=2026-09-21T07%3A24%3A52.291Z&time_zone=Asia%2FSeoul&limit=31:0
[ 3614854ms] [ERROR] Failed to load resource: the server responded with a status of 405 () @ https://cbt.morphfactory.io/api/user/account?from=2026-09-14T15%3A00%3A00.000Z&to=2026-09-21T07%3A24%3A52.291Z:0
[ 3614858ms] [ERROR] Failed to load resource: the server responded with a status of 401 () @ https://cbt.morphfactory.io/api/user/dashboard/cost-preview?from=2026-09-14T15%3A00%3A00.000Z&to=2026-09-21T07%3A24%3A52.291Z&group_by=day&time_zone=Asia%2FSeoul&limit=200:0
[ 3614859ms] [ERROR] Failed to load resource: the server responded with a status of 502 () @ https://cbt.morphfactory.io/api/user/funding:0
[ 3614859ms] [ERROR] Failed to load resource: the server responded with a status of 401 () @ https://cbt.morphfactory.io/api/user/dashboard:0
[ 3614864ms] [ERROR] Failed to load resource: the server responded with a status of 401 () @ https://cbt.morphfactory.io/api/user/dashboard/api-keys?limit=200:0
[ 3644836ms] [ERROR] Failed to load resource: the server responded with a status of 401 () @ https://cbt.morphfactory.io/api/user/dashboard/usage?from=2026-09-14T15%3A00%3A00.000Z&to=2026-09-21T07%3A25%3A22.292Z&time_zone=Asia%2FSeoul&limit=31:0
[ 3644862ms] [ERROR] Failed to load resource: the server responded with a status of 401 () @ https://cbt.morphfactory.io/api/user/dashboard/cost-preview?from=2026-09-14T15%3A00%3A00.000Z&to=2026-09-21T07%3A25%3A22.292Z&group_by=day&time_zone=Asia%2FSeoul&limit=200:0
[ 3644862ms] [ERROR] Failed to load resource: the server responded with a status of 502 () @ https://cbt.morphfactory.io/api/user/funding:0
[ 3644862ms] [ERROR] Failed to load resource: the server responded with a status of 401 () @ https://cbt.morphfactory.io/api/user/dashboard:0
[ 3644863ms] [ERROR] Failed to load resource: the server responded with a status of 401 () @ https://cbt.morphfactory.io/api/user/dashboard/api-keys?limit=200:0
[ 3644915ms] [ERROR] Failed to load resource: the server responded with a status of 405 () @ https://cbt.morphfactory.io/api/user/account?from=2026-09-14T15%3A00%3A00.000Z&to=2026-09-21T07%3A25%3A22.292Z:0
[ 3674853ms] [ERROR] Failed to load resource: the server responded with a status of 401 () @ https://cbt.morphfactory.io/api/user/dashboard/cost-preview?from=2026-09-14T15%3A00%3A00.000Z&to=2026-09-21T07%3A25%3A52.291Z&group_by=day&time_zone=Asia%2FSeoul&limit=200:0
[ 3674856ms] [ERROR] Failed to load resource: the server responded with a status of 401 () @ https://cbt.morphfactory.io/api/user/dashboard/usage?from=2026-09-14T15%3A00%3A00.000Z&to=2026-09-21T07%3A25%3A52.291Z&time_zone=Asia%2FSeoul&limit=31:0
[ 3674856ms] [ERROR] Failed to load resource: the server responded with a status of 502 () @ https://cbt.morphfactory.io/api/user/funding:0
[ 3674867ms] [ERROR] Failed to load resource: the server responded with a status of 401 () @ https://cbt.morphfactory.io/api/user/dashboard/api-keys?limit=200:0
[ 3674867ms] [ERROR] Failed to load resource: the server responded with a status of 401 () @ https://cbt.morphfactory.io/api/user/dashboard:0
[ 3674901ms] [ERROR] Failed to load resource: the server responded with a status of 405 () @ https://cbt.morphfactory.io/api/user/account?from=2026-09-14T15%3A00%3A00.000Z&to=2026-09-21T07%3A25%3A52.291Z:0
[ 3704897ms] [ERROR] Failed to load resource: the server responded with a status of 401 () @ https://cbt.morphfactory.io/api/user/dashboard/usage?from=2026-09-14T15%3A00%3A00.000Z&to=2026-09-21T07%3A26%3A22.291Z&time_zone=Asia%2FSeoul&limit=31:0
[ 3704898ms] [ERROR] Failed to load resource: the server responded with a status of 502 () @ https://cbt.morphfactory.io/api/user/funding:0
[ 3704898ms] [ERROR] Failed to load resource: the server responded with a status of 401 () @ https://cbt.morphfactory.io/api/user/dashboard/api-keys?limit=200:0
[ 3704898ms] [ERROR] Failed to load resource: the server responded with a status of 401 () @ https://cbt.morphfactory.io/api/user/dashboard/cost-preview?from=2026-09-14T15%3A00%3A00.000Z&to=2026-09-21T07%3A26%3A22.291Z&group_by=day&time_zone=Asia%2FSeoul&limit=200:0
[ 3704929ms] [ERROR] Failed to load resource: the server responded with a status of 401 () @ https://cbt.morphfactory.io/api/user/dashboard:0
[ 3704929ms] [ERROR] Failed to load resource: the server responded with a status of 405 () @ https://cbt.morphfactory.io/api/user/account?from=2026-09-14T15%3A00%3A00.000Z&to=2026-09-21T07%3A26%3A22.291Z:0
[ 3734839ms] [ERROR] Failed to load resource: the server responded with a status of 401 () @ https://cbt.morphfactory.io/api/user/dashboard/usage?from=2026-09-14T15%3A00%3A00.000Z&to=2026-09-21T07%3A26%3A52.292Z&time_zone=Asia%2FSeoul&limit=31:0
[ 3734839ms] [ERROR] Failed to load resource: the server responded with a status of 502 () @ https://cbt.morphfactory.io/api/user/funding:0
[ 3734840ms] [ERROR] Failed to load resource: the server responded with a status of 401 () @ https://cbt.morphfactory.io/api/user/dashboard/cost-preview?from=2026-09-14T15%3A00%3A00.000Z&to=2026-09-21T07%3A26%3A52.292Z&group_by=day&time_zone=Asia%2FSeoul&limit=200:0
[ 3734852ms] [ERROR] Failed to load resource: the server responded with a status of 401 () @ https://cbt.morphfactory.io/api/user/dashboard/api-keys?limit=200:0
[ 3734854ms] [ERROR] Failed to load resource: the server responded with a status of 401 () @ https://cbt.morphfactory.io/api/user/dashboard:0
[ 3734856ms] [ERROR] Failed to load resource: the server responded with a status of 405 () @ https://cbt.morphfactory.io/api/user/account?from=2026-09-14T15%3A00%3A00.000Z&to=2026-09-21T07%3A26%3A52.292Z:0
[ 3764847ms] [ERROR] Failed to load resource: the server responded with a status of 401 () @ https://cbt.morphfactory.io/api/user/dashboard/usage?from=2026-09-14T15%3A00%3A00.000Z&to=2026-09-21T07%3A27%3A22.291Z&time_zone=Asia%2FSeoul&limit=31:0
[ 3764848ms] [ERROR] Failed to load resource: the server responded with a status of 401 () @ https://cbt.morphfactory.io/api/user/dashboard/cost-preview?from=2026-09-14T15%3A00%3A00.000Z&to=2026-09-21T07%3A27%3A22.291Z&group_by=day&time_zone=Asia%2FSeoul&limit=200:0
[ 3764848ms] [ERROR] Failed to load resource: the server responded with a status of 502 () @ https://cbt.morphfactory.io/api/user/funding:0
[ 3764848ms] [ERROR] Failed to load resource: the server responded with a status of 401 () @ https://cbt.morphfactory.io/api/user/dashboard/api-keys?limit=200:0
[ 3764871ms] [ERROR] Failed to load resource: the server responded with a status of 401 () @ https://cbt.morphfactory.io/api/user/dashboard:0
[ 3764875ms] [ERROR] Failed to load resource: the server responded with a status of 405 () @ https://cbt.morphfactory.io/api/user/account?from=2026-09-14T15%3A00%3A00.000Z&to=2026-09-21T07%3A27%3A22.291Z:0
[ 3794874ms] [ERROR] Failed to load resource: the server responded with a status of 401 () @ https://cbt.morphfactory.io/api/user/dashboard/usage?from=2026-09-14T15%3A00%3A00.000Z&to=2026-09-21T07%3A27%3A52.291Z&time_zone=Asia%2FSeoul&limit=31:0
[ 3794875ms] [ERROR] Failed to load resource: the server responded with a status of 502 () @ https://cbt.morphfactory.io/api/user/funding:0
[ 3794876ms] [ERROR] Failed to load resource: the server responded with a status of 401 () @ https://cbt.morphfactory.io/api/user/dashboard/cost-preview?from=2026-09-14T15%3A00%3A00.000Z&to=2026-09-21T07%3A27%3A52.291Z&group_by=day&time_zone=Asia%2FSeoul&limit=200:0
[ 3794877ms] [ERROR] Failed to load resource: the server responded with a status of 401 () @ https://cbt.morphfactory.io/api/user/dashboard/api-keys?limit=200:0
[ 3794884ms] [ERROR] Failed to load resource: the server responded with a status of 401 () @ https://cbt.morphfactory.io/api/user/dashboard:0
[ 3794884ms] [ERROR] Failed to load resource: the server responded with a status of 405 () @ https://cbt.morphfactory.io/api/user/account?from=2026-09-14T15%3A00%3A00.000Z&to=2026-09-21T07%3A27%3A52.291Z:0
[ 3824842ms] [ERROR] Failed to load resource: the server responded with a status of 401 () @ https://cbt.morphfactory.io/api/user/dashboard/usage?from=2026-09-14T15%3A00%3A00.000Z&to=2026-09-21T07%3A28%3A22.291Z&time_zone=Asia%2FSeoul&limit=31:0
[ 3824842ms] [ERROR] Failed to load resource: the server responded with a status of 401 () @ https://cbt.morphfactory.io/api/user/dashboard/cost-preview?from=2026-09-14T15%3A00%3A00.000Z&to=2026-09-21T07%3A28%3A22.291Z&group_by=day&time_zone=Asia%2FSeoul&limit=200:0
[ 3824842ms] [ERROR] Failed to load resource: the server responded with a status of 502 () @ https://cbt.morphfactory.io/api/user/funding:0
[ 3824843ms] [ERROR] Failed to load resource: the server responded with a status of 401 () @ https://cbt.morphfactory.io/api/user/dashboard/api-keys?limit=200:0
[ 3824843ms] [ERROR] Failed to load resource: the server responded with a status of 401 () @ https://cbt.morphfactory.io/api/user/dashboard:0
[ 3824845ms] [ERROR] Failed to load resource: the server responded with a status of 405 () @ https://cbt.morphfactory.io/api/user/account?from=2026-09-14T15%3A00%3A00.000Z&to=2026-09-21T07%3A28%3A22.291Z:0
[ 3854840ms] [ERROR] Failed to load resource: the server responded with a status of 401 () @ https://cbt.morphfactory.io/api/user/dashboard/usage?from=2026-09-14T15%3A00%3A00.000Z&to=2026-09-21T07%3A28%3A52.292Z&time_zone=Asia%2FSeoul&limit=31:0
[ 3854853ms] [ERROR] Failed to load resource: the server responded with a status of 405 () @ https://cbt.morphfactory.io/api/user/account?from=2026-09-14T15%3A00%3A00.000Z&to=2026-09-21T07%3A28%3A52.292Z:0
[ 3854853ms] [ERROR] Failed to load resource: the server responded with a status of 401 () @ https://cbt.morphfactory.io/api/user/dashboard/cost-preview?from=2026-09-14T15%3A00%3A00.000Z&to=2026-09-21T07%3A28%3A52.292Z&group_by=day&time_zone=Asia%2FSeoul&limit=200:0
[ 3854853ms] [ERROR] Failed to load resource: the server responded with a status of 502 () @ https://cbt.morphfactory.io/api/user/funding:0
[ 3854856ms] [ERROR] Failed to load resource: the server responded with a status of 401 () @ https://cbt.morphfactory.io/api/user/dashboard/api-keys?limit=200:0
[ 3854857ms] [ERROR] Failed to load resource: the server responded with a status of 401 () @ https://cbt.morphfactory.io/api/user/dashboard:0
[ 3884891ms] [ERROR] Failed to load resource: the server responded with a status of 401 () @ https://cbt.morphfactory.io/api/user/dashboard/usage?from=2026-09-14T15%3A00%3A00.000Z&to=2026-09-21T07%3A29%3A22.291Z&time_zone=Asia%2FSeoul&limit=31:0
[ 3884891ms] [ERROR] Failed to load resource: the server responded with a status of 401 () @ https://cbt.morphfactory.io/api/user/dashboard/cost-preview?from=2026-09-14T15%3A00%3A00.000Z&to=2026-09-21T07%3A29%3A22.291Z&group_by=day&time_zone=Asia%2FSeoul&limit=200:0
[ 3884898ms] [ERROR] Failed to load resource: the server responded with a status of 502 () @ https://cbt.morphfactory.io/api/user/funding:0
[ 3884899ms] [ERROR] Failed to load resource: the server responded with a status of 401 () @ https://cbt.morphfactory.io/api/user/dashboard/api-keys?limit=200:0
[ 3884899ms] [ERROR] Failed to load resource: the server responded with a status of 401 () @ https://cbt.morphfactory.io/api/user/dashboard:0
[ 3884900ms] [ERROR] Failed to load resource: the server responded with a status of 405 () @ https://cbt.morphfactory.io/api/user/account?from=2026-09-14T15%3A00%3A00.000Z&to=2026-09-21T07%3A29%3A22.291Z:0
[ 3914836ms] [ERROR] Failed to load resource: the server responded with a status of 401 () @ https://cbt.morphfactory.io/api/user/dashboard/usage?from=2026-09-14T15%3A00%3A00.000Z&to=2026-09-21T07%3A29%3A52.291Z&time_zone=Asia%2FSeoul&limit=31:0
[ 3914836ms] [ERROR] Failed to load resource: the server responded with a status of 401 () @ https://cbt.morphfactory.io/api/user/dashboard/cost-preview?from=2026-09-14T15%3A00%3A00.000Z&to=2026-09-21T07%3A29%3A52.291Z&group_by=day&time_zone=Asia%2FSeoul&limit=200:0
[ 3914836ms] [ERROR] Failed to load resource: the server responded with a status of 502 () @ https://cbt.morphfactory.io/api/user/funding:0
[ 3914837ms] [ERROR] Failed to load resource: the server responded with a status of 401 () @ https://cbt.morphfactory.io/api/user/dashboard/api-keys?limit=200:0
[ 3914855ms] [ERROR] Failed to load resource: the server responded with a status of 401 () @ https://cbt.morphfactory.io/api/user/dashboard:0
[ 3914856ms] [ERROR] Failed to load resource: the server responded with a status of 405 () @ https://cbt.morphfactory.io/api/user/account?from=2026-09-14T15%3A00%3A00.000Z&to=2026-09-21T07%3A29%3A52.291Z:0
[ 3944865ms] [ERROR] Failed to load resource: the server responded with a status of 401 () @ https://cbt.morphfactory.io/api/user/dashboard/usage?from=2026-09-14T15%3A00%3A00.000Z&to=2026-09-21T07%3A30%3A22.292Z&time_zone=Asia%2FSeoul&limit=31:0
[ 3944866ms] [ERROR] Failed to load resource: the server responded with a status of 401 () @ https://cbt.morphfactory.io/api/user/dashboard/cost-preview?from=2026-09-14T15%3A00%3A00.000Z&to=2026-09-21T07%3A30%3A22.292Z&group_by=day&time_zone=Asia%2FSeoul&limit=200:0
[ 3944866ms] [ERROR] Failed to load resource: the server responded with a status of 502 () @ https://cbt.morphfactory.io/api/user/funding:0
[ 3948354ms] [ERROR] Failed to load resource: the server responded with a status of 401 () @ https://cbt.morphfactory.io/api/user/dashboard/api-keys?limit=200:0
[ 3948355ms] [ERROR] Failed to load resource: the server responded with a status of 401 () @ https://cbt.morphfactory.io/api/user/dashboard:0
[ 3948596ms] [ERROR] Failed to load resource: the server responded with a status of 405 () @ https://cbt.morphfactory.io/api/user/account?from=2026-09-14T15%3A00%3A00.000Z&to=2026-09-21T07%3A30%3A22.292Z:0
[ 3974869ms] [ERROR] Failed to load resource: the server responded with a status of 401 () @ https://cbt.morphfactory.io/api/user/dashboard/usage?from=2026-09-14T15%3A00%3A00.000Z&to=2026-09-21T07%3A30%3A52.291Z&time_zone=Asia%2FSeoul&limit=31:0
[ 3974869ms] [ERROR] Failed to load resource: the server responded with a status of 502 () @ https://cbt.morphfactory.io/api/user/funding:0
[ 3974870ms] [ERROR] Failed to load resource: the server responded with a status of 401 () @ https://cbt.morphfactory.io/api/user/dashboard/cost-preview?from=2026-09-14T15%3A00%3A00.000Z&to=2026-09-21T07%3A30%3A52.291Z&group_by=day&time_zone=Asia%2FSeoul&limit=200:0
[ 3974882ms] [ERROR] Failed to load resource: the server responded with a status of 401 () @ https://cbt.morphfactory.io/api/user/dashboard/api-keys?limit=200:0
[ 3974884ms] [ERROR] Failed to load resource: the server responded with a status of 401 () @ https://cbt.morphfactory.io/api/user/dashboard:0
[ 3974887ms] [ERROR] Failed to load resource: the server responded with a status of 405 () @ https://cbt.morphfactory.io/api/user/account?from=2026-09-14T15%3A00%3A00.000Z&to=2026-09-21T07%3A30%3A52.291Z:0
[ 4004845ms] [ERROR] Failed to load resource: the server responded with a status of 401 () @ https://cbt.morphfactory.io/api/user/dashboard/usage?from=2026-09-14T15%3A00%3A00.000Z&to=2026-09-21T07%3A31%3A22.291Z&time_zone=Asia%2FSeoul&limit=31:0
[ 4004849ms] [ERROR] Failed to load resource: the server responded with a status of 401 () @ https://cbt.morphfactory.io/api/user/dashboard/cost-preview?from=2026-09-14T15%3A00%3A00.000Z&to=2026-09-21T07%3A31%3A22.291Z&group_by=day&time_zone=Asia%2FSeoul&limit=200:0
[ 4004849ms] [ERROR] Failed to load resource: the server responded with a status of 502 () @ https://cbt.morphfactory.io/api/user/funding:0
[ 4004849ms] [ERROR] Failed to load resource: the server responded with a status of 401 () @ https://cbt.morphfactory.io/api/user/dashboard/api-keys?limit=200:0
[ 4004849ms] [ERROR] Failed to load resource: the server responded with a status of 401 () @ https://cbt.morphfactory.io/api/user/dashboard:0
[ 4004888ms] [ERROR] Failed to load resource: the server responded with a status of 405 () @ https://cbt.morphfactory.io/api/user/account?from=2026-09-14T15%3A00%3A00.000Z&to=2026-09-21T07%3A31%3A22.291Z:0
[ 4034879ms] [ERROR] Failed to load resource: the server responded with a status of 401 () @ https://cbt.morphfactory.io/api/user/dashboard/cost-preview?from=2026-09-14T15%3A00%3A00.000Z&to=2026-09-21T07%3A31%3A52.291Z&group_by=day&time_zone=Asia%2FSeoul&limit=200:0
[ 4034880ms] [ERROR] Failed to load resource: the server responded with a status of 401 () @ https://cbt.morphfactory.io/api/user/dashboard/usage?from=2026-09-14T15%3A00%3A00.000Z&to=2026-09-21T07%3A31%3A52.291Z&time_zone=Asia%2FSeoul&limit=31:0
[ 4034880ms] [ERROR] Failed to load resource: the server responded with a status of 502 () @ https://cbt.morphfactory.io/api/user/funding:0
[ 4034885ms] [ERROR] Failed to load resource: the server responded with a status of 401 () @ https://cbt.morphfactory.io/api/user/dashboard/api-keys?limit=200:0
[ 4034888ms] [ERROR] Failed to load resource: the server responded with a status of 405 () @ https://cbt.morphfactory.io/api/user/account?from=2026-09-14T15%3A00%3A00.000Z&to=2026-09-21T07%3A31%3A52.291Z:0
[ 4034900ms] [ERROR] Failed to load resource: the server responded with a status of 401 () @ https://cbt.morphfactory.io/api/user/dashboard:0
[ 4064844ms] [ERROR] Failed to load resource: the server responded with a status of 401 () @ https://cbt.morphfactory.io/api/user/dashboard/usage?from=2026-09-14T15%3A00%3A00.000Z&to=2026-09-21T07%3A32%3A22.291Z&time_zone=Asia%2FSeoul&limit=31:0
[ 4064844ms] [ERROR] Failed to load resource: the server responded with a status of 502 () @ https://cbt.morphfactory.io/api/user/funding:0
[ 4064847ms] [ERROR] Failed to load resource: the server responded with a status of 401 () @ https://cbt.morphfactory.io/api/user/dashboard/api-keys?limit=200:0
[ 4064847ms] [ERROR] Failed to load resource: the server responded with a status of 401 () @ https://cbt.morphfactory.io/api/user/dashboard/cost-preview?from=2026-09-14T15%3A00%3A00.000Z&to=2026-09-21T07%3A32%3A22.291Z&group_by=day&time_zone=Asia%2FSeoul&limit=200:0
[ 4064849ms] [ERROR] Failed to load resource: the server responded with a status of 401 () @ https://cbt.morphfactory.io/api/user/dashboard:0
[ 4064851ms] [ERROR] Failed to load resource: the server responded with a status of 405 () @ https://cbt.morphfactory.io/api/user/account?from=2026-09-14T15%3A00%3A00.000Z&to=2026-09-21T07%3A32%3A22.291Z:0
[ 4094964ms] [ERROR] Failed to load resource: the server responded with a status of 401 () @ https://cbt.morphfactory.io/api/user/dashboard:0
[ 4094964ms] [ERROR] Failed to load resource: the server responded with a status of 401 () @ https://cbt.morphfactory.io/api/user/dashboard/usage?from=2026-09-14T15%3A00%3A00.000Z&to=2026-09-21T07%3A32%3A52.291Z&time_zone=Asia%2FSeoul&limit=31:0
[ 4094964ms] [ERROR] Failed to load resource: the server responded with a status of 401 () @ https://cbt.morphfactory.io/api/user/dashboard/api-keys?limit=200:0
[ 4094965ms] [ERROR] Failed to load resource: the server responded with a status of 502 () @ https://cbt.morphfactory.io/api/user/funding:0
[ 4094966ms] [ERROR] Failed to load resource: the server responded with a status of 401 () @ https://cbt.morphfactory.io/api/user/dashboard/cost-preview?from=2026-09-14T15%3A00%3A00.000Z&to=2026-09-21T07%3A32%3A52.291Z&group_by=day&time_zone=Asia%2FSeoul&limit=200:0
[ 4094984ms] [ERROR] Failed to load resource: the server responded with a status of 405 () @ https://cbt.morphfactory.io/api/user/account?from=2026-09-14T15%3A00%3A00.000Z&to=2026-09-21T07%3A32%3A52.291Z:0
[ 4124835ms] [ERROR] Failed to load resource: the server responded with a status of 401 () @ https://cbt.morphfactory.io/api/user/dashboard/usage?from=2026-09-14T15%3A00%3A00.000Z&to=2026-09-21T07%3A33%3A22.291Z&time_zone=Asia%2FSeoul&limit=31:0
[ 4124835ms] [ERROR] Failed to load resource: the server responded with a status of 401 () @ https://cbt.morphfactory.io/api/user/dashboard/cost-preview?from=2026-09-14T15%3A00%3A00.000Z&to=2026-09-21T07%3A33%3A22.291Z&group_by=day&time_zone=Asia%2FSeoul&limit=200:0
[ 4124837ms] [ERROR] Failed to load resource: the server responded with a status of 502 () @ https://cbt.morphfactory.io/api/user/funding:0
[ 4124837ms] [ERROR] Failed to load resource: the server responded with a status of 401 () @ https://cbt.morphfactory.io/api/user/dashboard/api-keys?limit=200:0
[ 4124837ms] [ERROR] Failed to load resource: the server responded with a status of 401 () @ https://cbt.morphfactory.io/api/user/dashboard:0
[ 4124842ms] [ERROR] Failed to load resource: the server responded with a status of 405 () @ https://cbt.morphfactory.io/api/user/account?from=2026-09-14T15%3A00%3A00.000Z&to=2026-09-21T07%3A33%3A22.291Z:0
[ 4154843ms] [ERROR] Failed to load resource: the server responded with a status of 401 () @ https://cbt.morphfactory.io/api/user/dashboard/usage?from=2026-09-14T15%3A00%3A00.000Z&to=2026-09-21T07%3A33%3A52.291Z&time_zone=Asia%2FSeoul&limit=31:0
[ 4154843ms] [ERROR] Failed to load resource: the server responded with a status of 401 () @ https://cbt.morphfactory.io/api/user/dashboard/cost-preview?from=2026-09-14T15%3A00%3A00.000Z&to=2026-09-21T07%3A33%3A52.291Z&group_by=day&time_zone=Asia%2FSeoul&limit=200:0
[ 4154843ms] [ERROR] Failed to load resource: the server responded with a status of 502 () @ https://cbt.morphfactory.io/api/user/funding:0
[ 4154843ms] [ERROR] Failed to load resource: the server responded with a status of 401 () @ https://cbt.morphfactory.io/api/user/dashboard/api-keys?limit=200:0
[ 4154844ms] [ERROR] Failed to load resource: the server responded with a status of 401 () @ https://cbt.morphfactory.io/api/user/dashboard:0
[ 4154851ms] [ERROR] Failed to load resource: the server responded with a status of 405 () @ https://cbt.morphfactory.io/api/user/account?from=2026-09-14T15%3A00%3A00.000Z&to=2026-09-21T07%3A33%3A52.291Z:0
[ 4184844ms] [ERROR] Failed to load resource: the server responded with a status of 401 () @ https://cbt.morphfactory.io/api/user/dashboard/usage?from=2026-09-14T15%3A00%3A00.000Z&to=2026-09-21T07%3A34%3A22.291Z&time_zone=Asia%2FSeoul&limit=31:0
[ 4184845ms] [ERROR] Failed to load resource: the server responded with a status of 401 () @ https://cbt.morphfactory.io/api/user/dashboard/cost-preview?from=2026-09-14T15%3A00%3A00.000Z&to=2026-09-21T07%3A34%3A22.291Z&group_by=day&time_zone=Asia%2FSeoul&limit=200:0
[ 4184847ms] [ERROR] Failed to load resource: the server responded with a status of 502 () @ https://cbt.morphfactory.io/api/user/funding:0
[ 4184848ms] [ERROR] Failed to load resource: the server responded with a status of 401 () @ https://cbt.morphfactory.io/api/user/dashboard/api-keys?limit=200:0
[ 4184849ms] [ERROR] Failed to load resource: the server responded with a status of 401 () @ https://cbt.morphfactory.io/api/user/dashboard:0
[ 4184850ms] [ERROR] Failed to load resource: the server responded with a status of 405 () @ https://cbt.morphfactory.io/api/user/account?from=2026-09-14T15%3A00%3A00.000Z&to=2026-09-21T07%3A34%3A22.291Z:0
[ 4214835ms] [ERROR] Failed to load resource: the server responded with a status of 401 () @ https://cbt.morphfactory.io/api/user/dashboard/usage?from=2026-09-14T15%3A00%3A00.000Z&to=2026-09-21T07%3A34%3A52.292Z&time_zone=Asia%2FSeoul&limit=31:0
[ 4214840ms] [ERROR] Failed to load resource: the server responded with a status of 401 () @ https://cbt.morphfactory.io/api/user/dashboard/cost-preview?from=2026-09-14T15%3A00%3A00.000Z&to=2026-09-21T07%3A34%3A52.292Z&group_by=day&time_zone=Asia%2FSeoul&limit=200:0
[ 4214849ms] [ERROR] Failed to load resource: the server responded with a status of 502 () @ https://cbt.morphfactory.io/api/user/funding:0
[ 4214850ms] [ERROR] Failed to load resource: the server responded with a status of 401 () @ https://cbt.morphfactory.io/api/user/dashboard:0
[ 4214850ms] [ERROR] Failed to load resource: the server responded with a status of 401 () @ https://cbt.morphfactory.io/api/user/dashboard/api-keys?limit=200:0
[ 4214851ms] [ERROR] Failed to load resource: the server responded with a status of 405 () @ https://cbt.morphfactory.io/api/user/account?from=2026-09-14T15%3A00%3A00.000Z&to=2026-09-21T07%3A34%3A52.292Z:0
[ 4244837ms] [ERROR] Failed to load resource: the server responded with a status of 401 () @ https://cbt.morphfactory.io/api/user/dashboard/usage?from=2026-09-14T15%3A00%3A00.000Z&to=2026-09-21T07%3A35%3A22.290Z&time_zone=Asia%2FSeoul&limit=31:0
[ 4244837ms] [ERROR] Failed to load resource: the server responded with a status of 401 () @ https://cbt.morphfactory.io/api/user/dashboard/cost-preview?from=2026-09-14T15%3A00%3A00.000Z&to=2026-09-21T07%3A35%3A22.290Z&group_by=day&time_zone=Asia%2FSeoul&limit=200:0
[ 4244837ms] [ERROR] Failed to load resource: the server responded with a status of 502 () @ https://cbt.morphfactory.io/api/user/funding:0
[ 4244839ms] [ERROR] Failed to load resource: the server responded with a status of 401 () @ https://cbt.morphfactory.io/api/user/dashboard/api-keys?limit=200:0
[ 4244839ms] [ERROR] Failed to load resource: the server responded with a status of 401 () @ https://cbt.morphfactory.io/api/user/dashboard:0
[ 4244847ms] [ERROR] Failed to load resource: the server responded with a status of 405 () @ https://cbt.morphfactory.io/api/user/account?from=2026-09-14T15%3A00%3A00.000Z&to=2026-09-21T07%3A35%3A22.290Z:0
[ 4274839ms] [ERROR] Failed to load resource: the server responded with a status of 401 () @ https://cbt.morphfactory.io/api/user/dashboard/usage?from=2026-09-14T15%3A00%3A00.000Z&to=2026-09-21T07%3A35%3A52.290Z&time_zone=Asia%2FSeoul&limit=31:0
[ 4274839ms] [ERROR] Failed to load resource: the server responded with a status of 401 () @ https://cbt.morphfactory.io/api/user/dashboard/cost-preview?from=2026-09-14T15%3A00%3A00.000Z&to=2026-09-21T07%3A35%3A52.290Z&group_by=day&time_zone=Asia%2FSeoul&limit=200:0
[ 4274839ms] [ERROR] Failed to load resource: the server responded with a status of 502 () @ https://cbt.morphfactory.io/api/user/funding:0
[ 4274845ms] [ERROR] Failed to load resource: the server responded with a status of 401 () @ https://cbt.morphfactory.io/api/user/dashboard/api-keys?limit=200:0
[ 4274847ms] [ERROR] Failed to load resource: the server responded with a status of 401 () @ https://cbt.morphfactory.io/api/user/dashboard:0
[ 4274847ms] [ERROR] Failed to load resource: the server responded with a status of 405 () @ https://cbt.morphfactory.io/api/user/account?from=2026-09-14T15%3A00%3A00.000Z&to=2026-09-21T07%3A35%3A52.290Z:0
[ 4304836ms] [ERROR] Failed to load resource: the server responded with a status of 401 () @ https://cbt.morphfactory.io/api/user/dashboard/usage?from=2026-09-14T15%3A00%3A00.000Z&to=2026-09-21T07%3A36%3A22.291Z&time_zone=Asia%2FSeoul&limit=31:0
[ 4304836ms] [ERROR] Failed to load resource: the server responded with a status of 401 () @ https://cbt.morphfactory.io/api/user/dashboard/cost-preview?from=2026-09-14T15%3A00%3A00.000Z&to=2026-09-21T07%3A36%3A22.291Z&group_by=day&time_zone=Asia%2FSeoul&limit=200:0
[ 4304837ms] [ERROR] Failed to load resource: the server responded with a status of 502 () @ https://cbt.morphfactory.io/api/user/funding:0
[ 4304837ms] [ERROR] Failed to load resource: the server responded with a status of 401 () @ https://cbt.morphfactory.io/api/user/dashboard:0
[ 4304844ms] [ERROR] Failed to load resource: the server responded with a status of 401 () @ https://cbt.morphfactory.io/api/user/dashboard/api-keys?limit=200:0
[ 4304847ms] [ERROR] Failed to load resource: the server responded with a status of 405 () @ https://cbt.morphfactory.io/api/user/account?from=2026-09-14T15%3A00%3A00.000Z&to=2026-09-21T07%3A36%3A22.291Z:0
[ 4334850ms] [ERROR] Failed to load resource: the server responded with a status of 401 () @ https://cbt.morphfactory.io/api/user/dashboard/cost-preview?from=2026-09-14T15%3A00%3A00.000Z&to=2026-09-21T07%3A36%3A52.291Z&group_by=day&time_zone=Asia%2FSeoul&limit=200:0
[ 4334855ms] [ERROR] Failed to load resource: the server responded with a status of 401 () @ https://cbt.morphfactory.io/api/user/dashboard/usage?from=2026-09-14T15%3A00%3A00.000Z&to=2026-09-21T07%3A36%3A52.291Z&time_zone=Asia%2FSeoul&limit=31:0
[ 4334858ms] [ERROR] Failed to load resource: the server responded with a status of 502 () @ https://cbt.morphfactory.io/api/user/funding:0
[ 4334865ms] [ERROR] Failed to load resource: the server responded with a status of 401 () @ https://cbt.morphfactory.io/api/user/dashboard/api-keys?limit=200:0
[ 4334865ms] [ERROR] Failed to load resource: the server responded with a status of 401 () @ https://cbt.morphfactory.io/api/user/dashboard:0
